ISO-10303-21;
HEADER;
/* Generated by software containing ST-Developer
 * from STEP Tools, Inc. (www.steptools.com) 
 */

FILE_DESCRIPTION(
/* description */ (''),
/* implementation_level */ '2;1');

FILE_NAME(
/* name */ 'Mid Plate.step',
/* time_stamp */ '2026-06-11T12:30:55+02:00',
/* author */ (''),
/* organization */ (''),
/* preprocessor_version */ 'ST-DEVELOPER v20.1',
/* originating_system */ 'Autodesk Translation Framework v15.8.0.0',
/* authorisation */ '');

FILE_SCHEMA (('AUTOMOTIVE_DESIGN { 1 0 10303 214 3 1 1 }'));
ENDSEC;

DATA;
#10=MECHANICAL_DESIGN_GEOMETRIC_PRESENTATION_REPRESENTATION('',(#13),#2667);
#11=SHAPE_REPRESENTATION_RELATIONSHIP('SRR','None',#2674,#12);
#12=ADVANCED_BREP_SHAPE_REPRESENTATION('',(#14),#2666);
#13=STYLED_ITEM('',(#2683),#14);
#14=MANIFOLD_SOLID_BREP('Body2',#1599);
#15=CYLINDRICAL_SURFACE('',#1686,1.40000000000001);
#16=CYLINDRICAL_SURFACE('',#1687,1.40000000000001);
#17=CYLINDRICAL_SURFACE('',#1688,1.40000000000001);
#18=CYLINDRICAL_SURFACE('',#1689,1.4);
#19=CYLINDRICAL_SURFACE('',#1700,0.499999999999998);
#20=CYLINDRICAL_SURFACE('',#1702,0.499999999999998);
#21=CYLINDRICAL_SURFACE('',#1704,0.499999999999998);
#22=CYLINDRICAL_SURFACE('',#1706,0.499999999999998);
#23=CYLINDRICAL_SURFACE('',#1708,0.5);
#24=CYLINDRICAL_SURFACE('',#1710,0.499999999999998);
#25=CYLINDRICAL_SURFACE('',#1712,0.499999999999998);
#26=CYLINDRICAL_SURFACE('',#1714,0.5);
#27=CYLINDRICAL_SURFACE('',#1716,0.499999999999998);
#28=CYLINDRICAL_SURFACE('',#1718,0.499999999999998);
#29=CYLINDRICAL_SURFACE('',#1720,0.499999999999998);
#30=CYLINDRICAL_SURFACE('',#1722,0.499999999999998);
#31=CYLINDRICAL_SURFACE('',#1724,0.499999999999998);
#32=CYLINDRICAL_SURFACE('',#1726,0.5);
#33=CYLINDRICAL_SURFACE('',#1728,0.5);
#34=CYLINDRICAL_SURFACE('',#1730,0.499999999999998);
#35=CYLINDRICAL_SURFACE('',#1732,0.499999999999998);
#36=CYLINDRICAL_SURFACE('',#1734,0.499999999999998);
#37=CYLINDRICAL_SURFACE('',#1736,0.499999999999998);
#38=CYLINDRICAL_SURFACE('',#1738,0.499999999999998);
#39=CYLINDRICAL_SURFACE('',#1740,0.499999999999998);
#40=CYLINDRICAL_SURFACE('',#1742,0.499999999999998);
#41=CYLINDRICAL_SURFACE('',#1744,0.499999999999998);
#42=CYLINDRICAL_SURFACE('',#1746,0.499999999999998);
#43=CYLINDRICAL_SURFACE('',#1748,0.499999999999998);
#44=CYLINDRICAL_SURFACE('',#1750,0.5);
#45=CYLINDRICAL_SURFACE('',#1752,0.5);
#46=CYLINDRICAL_SURFACE('',#1754,0.499999999999998);
#47=FACE_BOUND('',#214,.T.);
#48=FACE_BOUND('',#215,.T.);
#49=FACE_BOUND('',#216,.T.);
#50=FACE_BOUND('',#217,.T.);
#51=FACE_BOUND('',#218,.T.);
#52=FACE_BOUND('',#219,.T.);
#53=FACE_BOUND('',#220,.T.);
#54=FACE_BOUND('',#221,.T.);
#55=FACE_BOUND('',#222,.T.);
#56=FACE_BOUND('',#223,.T.);
#57=FACE_BOUND('',#224,.T.);
#58=FACE_BOUND('',#228,.T.);
#59=FACE_BOUND('',#229,.T.);
#60=FACE_BOUND('',#230,.T.);
#61=FACE_BOUND('',#231,.T.);
#62=FACE_BOUND('',#232,.T.);
#63=FACE_BOUND('',#233,.T.);
#64=FACE_BOUND('',#234,.T.);
#65=FACE_BOUND('',#235,.T.);
#66=FACE_BOUND('',#236,.T.);
#67=FACE_BOUND('',#237,.T.);
#68=FACE_BOUND('',#238,.T.);
#69=CIRCLE('',#1616,1.40000000000001);
#70=CIRCLE('',#1617,1.40000000000001);
#71=CIRCLE('',#1618,1.40000000000001);
#72=CIRCLE('',#1619,1.4);
#73=CIRCLE('',#1620,0.5);
#74=CIRCLE('',#1621,0.499999999999998);
#75=CIRCLE('',#1622,0.5);
#76=CIRCLE('',#1623,0.499999999999998);
#77=CIRCLE('',#1624,0.499999999999998);
#78=CIRCLE('',#1625,0.499999999999998);
#79=CIRCLE('',#1626,0.499999999999998);
#80=CIRCLE('',#1627,0.499999999999998);
#81=CIRCLE('',#1628,0.499999999999998);
#82=CIRCLE('',#1629,0.499999999999998);
#83=CIRCLE('',#1630,0.499999999999998);
#84=CIRCLE('',#1631,0.499999999999998);
#85=CIRCLE('',#1632,0.5);
#86=CIRCLE('',#1633,0.499999999999998);
#87=CIRCLE('',#1634,0.5);
#88=CIRCLE('',#1635,0.499999999999998);
#89=CIRCLE('',#1636,0.499999999999998);
#90=CIRCLE('',#1637,0.499999999999998);
#91=CIRCLE('',#1638,0.499999999999998);
#92=CIRCLE('',#1639,0.499999999999998);
#93=CIRCLE('',#1640,0.499999999999998);
#94=CIRCLE('',#1641,0.5);
#95=CIRCLE('',#1642,0.499999999999998);
#96=CIRCLE('',#1643,0.5);
#97=CIRCLE('',#1644,0.499999999999998);
#98=CIRCLE('',#1645,0.499999999999998);
#99=CIRCLE('',#1646,0.499999999999998);
#100=CIRCLE('',#1647,0.499999999999998);
#101=CIRCLE('',#1651,1.40000000000001);
#102=CIRCLE('',#1652,1.40000000000001);
#103=CIRCLE('',#1653,1.40000000000001);
#104=CIRCLE('',#1654,1.4);
#105=CIRCLE('',#1655,0.499999999999998);
#106=CIRCLE('',#1656,0.5);
#107=CIRCLE('',#1657,0.499999999999998);
#108=CIRCLE('',#1658,0.5);
#109=CIRCLE('',#1659,0.499999999999998);
#110=CIRCLE('',#1660,0.499999999999998);
#111=CIRCLE('',#1661,0.499999999999998);
#112=CIRCLE('',#1662,0.499999999999998);
#113=CIRCLE('',#1663,0.499999999999998);
#114=CIRCLE('',#1664,0.499999999999998);
#115=CIRCLE('',#1665,0.499999999999998);
#116=CIRCLE('',#1666,0.499999999999998);
#117=CIRCLE('',#1667,0.499999999999998);
#118=CIRCLE('',#1668,0.5);
#119=CIRCLE('',#1669,0.499999999999998);
#120=CIRCLE('',#1670,0.5);
#121=CIRCLE('',#1671,0.499999999999998);
#122=CIRCLE('',#1672,0.499999999999998);
#123=CIRCLE('',#1673,0.499999999999998);
#124=CIRCLE('',#1674,0.499999999999998);
#125=CIRCLE('',#1675,0.5);
#126=CIRCLE('',#1676,0.499999999999998);
#127=CIRCLE('',#1677,0.5);
#128=CIRCLE('',#1678,0.499999999999998);
#129=CIRCLE('',#1679,0.499999999999998);
#130=CIRCLE('',#1680,0.499999999999998);
#131=CIRCLE('',#1681,0.499999999999998);
#132=CIRCLE('',#1682,0.499999999999998);
#133=FACE_OUTER_BOUND('',#211,.T.);
#134=FACE_OUTER_BOUND('',#212,.T.);
#135=FACE_OUTER_BOUND('',#213,.T.);
#136=FACE_OUTER_BOUND('',#225,.T.);
#137=FACE_OUTER_BOUND('',#226,.T.);
#138=FACE_OUTER_BOUND('',#227,.T.);
#139=FACE_OUTER_BOUND('',#239,.T.);
#140=FACE_OUTER_BOUND('',#240,.T.);
#141=FACE_OUTER_BOUND('',#241,.T.);
#142=FACE_OUTER_BOUND('',#242,.T.);
#143=FACE_OUTER_BOUND('',#243,.T.);
#144=FACE_OUTER_BOUND('',#244,.T.);
#145=FACE_OUTER_BOUND('',#245,.T.);
#146=FACE_OUTER_BOUND('',#246,.T.);
#147=FACE_OUTER_BOUND('',#247,.T.);
#148=FACE_OUTER_BOUND('',#248,.T.);
#149=FACE_OUTER_BOUND('',#249,.T.);
#150=FACE_OUTER_BOUND('',#250,.T.);
#151=FACE_OUTER_BOUND('',#251,.T.);
#152=FACE_OUTER_BOUND('',#252,.T.);
#153=FACE_OUTER_BOUND('',#253,.T.);
#154=FACE_OUTER_BOUND('',#254,.T.);
#155=FACE_OUTER_BOUND('',#255,.T.);
#156=FACE_OUTER_BOUND('',#256,.T.);
#157=FACE_OUTER_BOUND('',#257,.T.);
#158=FACE_OUTER_BOUND('',#258,.T.);
#159=FACE_OUTER_BOUND('',#259,.T.);
#160=FACE_OUTER_BOUND('',#260,.T.);
#161=FACE_OUTER_BOUND('',#261,.T.);
#162=FACE_OUTER_BOUND('',#262,.T.);
#163=FACE_OUTER_BOUND('',#263,.T.);
#164=FACE_OUTER_BOUND('',#264,.T.);
#165=FACE_OUTER_BOUND('',#265,.T.);
#166=FACE_OUTER_BOUND('',#266,.T.);
#167=FACE_OUTER_BOUND('',#267,.T.);
#168=FACE_OUTER_BOUND('',#268,.T.);
#169=FACE_OUTER_BOUND('',#269,.T.);
#170=FACE_OUTER_BOUND('',#270,.T.);
#171=FACE_OUTER_BOUND('',#271,.T.);
#172=FACE_OUTER_BOUND('',#272,.T.);
#173=FACE_OUTER_BOUND('',#273,.T.);
#174=FACE_OUTER_BOUND('',#274,.T.);
#175=FACE_OUTER_BOUND('',#275,.T.);
#176=FACE_OUTER_BOUND('',#276,.T.);
#177=FACE_OUTER_BOUND('',#277,.T.);
#178=FACE_OUTER_BOUND('',#278,.T.);
#179=FACE_OUTER_BOUND('',#279,.T.);
#180=FACE_OUTER_BOUND('',#280,.T.);
#181=FACE_OUTER_BOUND('',#281,.T.);
#182=FACE_OUTER_BOUND('',#282,.T.);
#183=FACE_OUTER_BOUND('',#283,.T.);
#184=FACE_OUTER_BOUND('',#284,.T.);
#185=FACE_OUTER_BOUND('',#285,.T.);
#186=FACE_OUTER_BOUND('',#286,.T.);
#187=FACE_OUTER_BOUND('',#287,.T.);
#188=FACE_OUTER_BOUND('',#288,.T.);
#189=FACE_OUTER_BOUND('',#289,.T.);
#190=FACE_OUTER_BOUND('',#290,.T.);
#191=FACE_OUTER_BOUND('',#291,.T.);
#192=FACE_OUTER_BOUND('',#292,.T.);
#193=FACE_OUTER_BOUND('',#293,.T.);
#194=FACE_OUTER_BOUND('',#294,.T.);
#195=FACE_OUTER_BOUND('',#295,.T.);
#196=FACE_OUTER_BOUND('',#296,.T.);
#197=FACE_OUTER_BOUND('',#297,.T.);
#198=FACE_OUTER_BOUND('',#298,.T.);
#199=FACE_OUTER_BOUND('',#299,.T.);
#200=FACE_OUTER_BOUND('',#300,.T.);
#201=FACE_OUTER_BOUND('',#301,.T.);
#202=FACE_OUTER_BOUND('',#302,.T.);
#203=FACE_OUTER_BOUND('',#303,.T.);
#204=FACE_OUTER_BOUND('',#304,.T.);
#205=FACE_OUTER_BOUND('',#305,.T.);
#206=FACE_OUTER_BOUND('',#306,.T.);
#207=FACE_OUTER_BOUND('',#307,.T.);
#208=FACE_OUTER_BOUND('',#308,.T.);
#209=FACE_OUTER_BOUND('',#309,.T.);
#210=FACE_OUTER_BOUND('',#310,.T.);
#211=EDGE_LOOP('',(#1019,#1020,#1021,#1022));
#212=EDGE_LOOP('',(#1023,#1024,#1025,#1026));
#213=EDGE_LOOP('',(#1027,#1028,#1029,#1030,#1031,#1032,#1033,#1034,#1035,
#1036,#1037,#1038,#1039,#1040,#1041,#1042));
#214=EDGE_LOOP('',(#1043));
#215=EDGE_LOOP('',(#1044));
#216=EDGE_LOOP('',(#1045));
#217=EDGE_LOOP('',(#1046));
#218=EDGE_LOOP('',(#1047,#1048,#1049,#1050,#1051,#1052,#1053,#1054));
#219=EDGE_LOOP('',(#1055,#1056,#1057,#1058,#1059,#1060,#1061,#1062));
#220=EDGE_LOOP('',(#1063,#1064,#1065,#1066,#1067,#1068,#1069,#1070));
#221=EDGE_LOOP('',(#1071,#1072,#1073,#1074,#1075,#1076,#1077,#1078));
#222=EDGE_LOOP('',(#1079,#1080,#1081,#1082,#1083,#1084,#1085,#1086));
#223=EDGE_LOOP('',(#1087,#1088,#1089,#1090,#1091,#1092,#1093,#1094));
#224=EDGE_LOOP('',(#1095,#1096,#1097,#1098,#1099,#1100,#1101,#1102));
#225=EDGE_LOOP('',(#1103,#1104,#1105,#1106));
#226=EDGE_LOOP('',(#1107,#1108,#1109,#1110));
#227=EDGE_LOOP('',(#1111,#1112,#1113,#1114,#1115,#1116,#1117,#1118,#1119,
#1120,#1121,#1122,#1123,#1124,#1125,#1126));
#228=EDGE_LOOP('',(#1127));
#229=EDGE_LOOP('',(#1128));
#230=EDGE_LOOP('',(#1129));
#231=EDGE_LOOP('',(#1130));
#232=EDGE_LOOP('',(#1131,#1132,#1133,#1134,#1135,#1136,#1137,#1138));
#233=EDGE_LOOP('',(#1139,#1140,#1141,#1142,#1143,#1144,#1145,#1146));
#234=EDGE_LOOP('',(#1147,#1148,#1149,#1150,#1151,#1152,#1153,#1154));
#235=EDGE_LOOP('',(#1155,#1156,#1157,#1158,#1159,#1160,#1161,#1162));
#236=EDGE_LOOP('',(#1163,#1164,#1165,#1166,#1167,#1168,#1169,#1170));
#237=EDGE_LOOP('',(#1171,#1172,#1173,#1174,#1175,#1176,#1177,#1178));
#238=EDGE_LOOP('',(#1179,#1180,#1181,#1182,#1183,#1184,#1185,#1186));
#239=EDGE_LOOP('',(#1187,#1188,#1189,#1190));
#240=EDGE_LOOP('',(#1191,#1192,#1193,#1194));
#241=EDGE_LOOP('',(#1195,#1196,#1197,#1198));
#242=EDGE_LOOP('',(#1199,#1200,#1201,#1202));
#243=EDGE_LOOP('',(#1203,#1204,#1205,#1206));
#244=EDGE_LOOP('',(#1207,#1208,#1209,#1210));
#245=EDGE_LOOP('',(#1211,#1212,#1213,#1214));
#246=EDGE_LOOP('',(#1215,#1216,#1217,#1218));
#247=EDGE_LOOP('',(#1219,#1220,#1221,#1222));
#248=EDGE_LOOP('',(#1223,#1224,#1225,#1226));
#249=EDGE_LOOP('',(#1227,#1228,#1229,#1230));
#250=EDGE_LOOP('',(#1231,#1232,#1233,#1234));
#251=EDGE_LOOP('',(#1235,#1236,#1237,#1238));
#252=EDGE_LOOP('',(#1239,#1240,#1241,#1242));
#253=EDGE_LOOP('',(#1243,#1244,#1245,#1246));
#254=EDGE_LOOP('',(#1247,#1248,#1249,#1250));
#255=EDGE_LOOP('',(#1251,#1252,#1253,#1254));
#256=EDGE_LOOP('',(#1255,#1256,#1257,#1258));
#257=EDGE_LOOP('',(#1259,#1260,#1261,#1262));
#258=EDGE_LOOP('',(#1263,#1264,#1265,#1266));
#259=EDGE_LOOP('',(#1267,#1268,#1269,#1270));
#260=EDGE_LOOP('',(#1271,#1272,#1273,#1274));
#261=EDGE_LOOP('',(#1275,#1276,#1277,#1278));
#262=EDGE_LOOP('',(#1279,#1280,#1281,#1282));
#263=EDGE_LOOP('',(#1283,#1284,#1285,#1286));
#264=EDGE_LOOP('',(#1287,#1288,#1289,#1290));
#265=EDGE_LOOP('',(#1291,#1292,#1293,#1294));
#266=EDGE_LOOP('',(#1295,#1296,#1297,#1298));
#267=EDGE_LOOP('',(#1299,#1300,#1301,#1302));
#268=EDGE_LOOP('',(#1303,#1304,#1305,#1306));
#269=EDGE_LOOP('',(#1307,#1308,#1309,#1310));
#270=EDGE_LOOP('',(#1311,#1312,#1313,#1314));
#271=EDGE_LOOP('',(#1315,#1316,#1317,#1318));
#272=EDGE_LOOP('',(#1319,#1320,#1321,#1322));
#273=EDGE_LOOP('',(#1323,#1324,#1325,#1326));
#274=EDGE_LOOP('',(#1327,#1328,#1329,#1330));
#275=EDGE_LOOP('',(#1331,#1332,#1333,#1334));
#276=EDGE_LOOP('',(#1335,#1336,#1337,#1338));
#277=EDGE_LOOP('',(#1339,#1340,#1341,#1342));
#278=EDGE_LOOP('',(#1343,#1344,#1345,#1346));
#279=EDGE_LOOP('',(#1347,#1348,#1349,#1350));
#280=EDGE_LOOP('',(#1351,#1352,#1353,#1354));
#281=EDGE_LOOP('',(#1355,#1356,#1357,#1358));
#282=EDGE_LOOP('',(#1359,#1360,#1361,#1362));
#283=EDGE_LOOP('',(#1363,#1364,#1365,#1366));
#284=EDGE_LOOP('',(#1367,#1368,#1369,#1370));
#285=EDGE_LOOP('',(#1371,#1372,#1373,#1374));
#286=EDGE_LOOP('',(#1375,#1376,#1377,#1378));
#287=EDGE_LOOP('',(#1379,#1380,#1381,#1382));
#288=EDGE_LOOP('',(#1383,#1384,#1385,#1386));
#289=EDGE_LOOP('',(#1387,#1388,#1389,#1390));
#290=EDGE_LOOP('',(#1391,#1392,#1393,#1394));
#291=EDGE_LOOP('',(#1395,#1396,#1397,#1398));
#292=EDGE_LOOP('',(#1399,#1400,#1401,#1402));
#293=EDGE_LOOP('',(#1403,#1404,#1405,#1406));
#294=EDGE_LOOP('',(#1407,#1408,#1409,#1410));
#295=EDGE_LOOP('',(#1411,#1412,#1413,#1414));
#296=EDGE_LOOP('',(#1415,#1416,#1417,#1418));
#297=EDGE_LOOP('',(#1419,#1420,#1421,#1422));
#298=EDGE_LOOP('',(#1423,#1424,#1425,#1426));
#299=EDGE_LOOP('',(#1427,#1428,#1429,#1430));
#300=EDGE_LOOP('',(#1431,#1432,#1433,#1434));
#301=EDGE_LOOP('',(#1435,#1436,#1437,#1438));
#302=EDGE_LOOP('',(#1439,#1440,#1441,#1442));
#303=EDGE_LOOP('',(#1443,#1444,#1445,#1446));
#304=EDGE_LOOP('',(#1447,#1448,#1449,#1450));
#305=EDGE_LOOP('',(#1451,#1452,#1453,#1454));
#306=EDGE_LOOP('',(#1455,#1456,#1457,#1458));
#307=EDGE_LOOP('',(#1459,#1460,#1461,#1462));
#308=EDGE_LOOP('',(#1463,#1464,#1465,#1466));
#309=EDGE_LOOP('',(#1467,#1468,#1469,#1470));
#310=EDGE_LOOP('',(#1471,#1472,#1473,#1474));
#311=LINE('',#2209,#475);
#312=LINE('',#2211,#476);
#313=LINE('',#2213,#477);
#314=LINE('',#2214,#478);
#315=LINE('',#2217,#479);
#316=LINE('',#2219,#480);
#317=LINE('',#2220,#481);
#318=LINE('',#2223,#482);
#319=LINE('',#2225,#483);
#320=LINE('',#2227,#484);
#321=LINE('',#2229,#485);
#322=LINE('',#2231,#486);
#323=LINE('',#2233,#487);
#324=LINE('',#2235,#488);
#325=LINE('',#2237,#489);
#326=LINE('',#2239,#490);
#327=LINE('',#2241,#491);
#328=LINE('',#2243,#492);
#329=LINE('',#2245,#493);
#330=LINE('',#2247,#494);
#331=LINE('',#2248,#495);
#332=LINE('',#2259,#496);
#333=LINE('',#2263,#497);
#334=LINE('',#2267,#498);
#335=LINE('',#2271,#499);
#336=LINE('',#2275,#500);
#337=LINE('',#2279,#501);
#338=LINE('',#2283,#502);
#339=LINE('',#2287,#503);
#340=LINE('',#2291,#504);
#341=LINE('',#2295,#505);
#342=LINE('',#2299,#506);
#343=LINE('',#2303,#507);
#344=LINE('',#2307,#508);
#345=LINE('',#2311,#509);
#346=LINE('',#2315,#510);
#347=LINE('',#2319,#511);
#348=LINE('',#2323,#512);
#349=LINE('',#2327,#513);
#350=LINE('',#2331,#514);
#351=LINE('',#2335,#515);
#352=LINE('',#2339,#516);
#353=LINE('',#2343,#517);
#354=LINE('',#2347,#518);
#355=LINE('',#2351,#519);
#356=LINE('',#2355,#520);
#357=LINE('',#2359,#521);
#358=LINE('',#2363,#522);
#359=LINE('',#2367,#523);
#360=LINE('',#2372,#524);
#361=LINE('',#2373,#525);
#362=LINE('',#2374,#526);
#363=LINE('',#2377,#527);
#364=LINE('',#2378,#528);
#365=LINE('',#2381,#529);
#366=LINE('',#2383,#530);
#367=LINE('',#2384,#531);
#368=LINE('',#2386,#532);
#369=LINE('',#2388,#533);
#370=LINE('',#2390,#534);
#371=LINE('',#2392,#535);
#372=LINE('',#2394,#536);
#373=LINE('',#2396,#537);
#374=LINE('',#2398,#538);
#375=LINE('',#2400,#539);
#376=LINE('',#2401,#540);
#377=LINE('',#2412,#541);
#378=LINE('',#2416,#542);
#379=LINE('',#2420,#543);
#380=LINE('',#2424,#544);
#381=LINE('',#2428,#545);
#382=LINE('',#2432,#546);
#383=LINE('',#2436,#547);
#384=LINE('',#2440,#548);
#385=LINE('',#2444,#549);
#386=LINE('',#2448,#550);
#387=LINE('',#2452,#551);
#388=LINE('',#2456,#552);
#389=LINE('',#2460,#553);
#390=LINE('',#2464,#554);
#391=LINE('',#2468,#555);
#392=LINE('',#2472,#556);
#393=LINE('',#2476,#557);
#394=LINE('',#2480,#558);
#395=LINE('',#2484,#559);
#396=LINE('',#2488,#560);
#397=LINE('',#2492,#561);
#398=LINE('',#2496,#562);
#399=LINE('',#2500,#563);
#400=LINE('',#2504,#564);
#401=LINE('',#2508,#565);
#402=LINE('',#2512,#566);
#403=LINE('',#2516,#567);
#404=LINE('',#2520,#568);
#405=LINE('',#2523,#569);
#406=LINE('',#2525,#570);
#407=LINE('',#2528,#571);
#408=LINE('',#2530,#572);
#409=LINE('',#2532,#573);
#410=LINE('',#2534,#574);
#411=LINE('',#2536,#575);
#412=LINE('',#2537,#576);
#413=LINE('',#2539,#577);
#414=LINE('',#2540,#578);
#415=LINE('',#2542,#579);
#416=LINE('',#2546,#580);
#417=LINE('',#2547,#581);
#418=LINE('',#2550,#582);
#419=LINE('',#2553,#583);
#420=LINE('',#2554,#584);
#421=LINE('',#2556,#585);
#422=LINE('',#2558,#586);
#423=LINE('',#2560,#587);
#424=LINE('',#2562,#588);
#425=LINE('',#2564,#589);
#426=LINE('',#2566,#590);
#427=LINE('',#2569,#591);
#428=LINE('',#2570,#592);
#429=LINE('',#2572,#593);
#430=LINE('',#2574,#594);
#431=LINE('',#2576,#595);
#432=LINE('',#2578,#596);
#433=LINE('',#2580,#597);
#434=LINE('',#2582,#598);
#435=LINE('',#2585,#599);
#436=LINE('',#2586,#600);
#437=LINE('',#2588,#601);
#438=LINE('',#2590,#602);
#439=LINE('',#2592,#603);
#440=LINE('',#2594,#604);
#441=LINE('',#2596,#605);
#442=LINE('',#2598,#606);
#443=LINE('',#2601,#607);
#444=LINE('',#2602,#608);
#445=LINE('',#2604,#609);
#446=LINE('',#2606,#610);
#447=LINE('',#2608,#611);
#448=LINE('',#2610,#612);
#449=LINE('',#2612,#613);
#450=LINE('',#2614,#614);
#451=LINE('',#2617,#615);
#452=LINE('',#2618,#616);
#453=LINE('',#2620,#617);
#454=LINE('',#2622,#618);
#455=LINE('',#2624,#619);
#456=LINE('',#2626,#620);
#457=LINE('',#2628,#621);
#458=LINE('',#2630,#622);
#459=LINE('',#2633,#623);
#460=LINE('',#2634,#624);
#461=LINE('',#2636,#625);
#462=LINE('',#2638,#626);
#463=LINE('',#2640,#627);
#464=LINE('',#2642,#628);
#465=LINE('',#2644,#629);
#466=LINE('',#2646,#630);
#467=LINE('',#2649,#631);
#468=LINE('',#2650,#632);
#469=LINE('',#2652,#633);
#470=LINE('',#2654,#634);
#471=LINE('',#2656,#635);
#472=LINE('',#2658,#636);
#473=LINE('',#2660,#637);
#474=LINE('',#2662,#638);
#475=VECTOR('',#1759,10.);
#476=VECTOR('',#1760,10.);
#477=VECTOR('',#1761,10.);
#478=VECTOR('',#1762,10.);
#479=VECTOR('',#1765,10.);
#480=VECTOR('',#1766,10.);
#481=VECTOR('',#1767,10.);
#482=VECTOR('',#1770,10.);
#483=VECTOR('',#1771,10.);
#484=VECTOR('',#1772,10.);
#485=VECTOR('',#1773,10.);
#486=VECTOR('',#1774,10.);
#487=VECTOR('',#1775,10.);
#488=VECTOR('',#1776,10.);
#489=VECTOR('',#1777,10.);
#490=VECTOR('',#1778,10.);
#491=VECTOR('',#1779,10.);
#492=VECTOR('',#1780,10.);
#493=VECTOR('',#1781,10.);
#494=VECTOR('',#1782,10.);
#495=VECTOR('',#1783,10.);
#496=VECTOR('',#1792,10.);
#497=VECTOR('',#1795,10.);
#498=VECTOR('',#1798,10.);
#499=VECTOR('',#1801,10.);
#500=VECTOR('',#1804,10.);
#501=VECTOR('',#1807,10.);
#502=VECTOR('',#1810,10.);
#503=VECTOR('',#1813,10.);
#504=VECTOR('',#1816,10.);
#505=VECTOR('',#1819,10.);
#506=VECTOR('',#1822,10.);
#507=VECTOR('',#1825,10.);
#508=VECTOR('',#1828,10.);
#509=VECTOR('',#1831,10.);
#510=VECTOR('',#1834,10.);
#511=VECTOR('',#1837,10.);
#512=VECTOR('',#1840,10.);
#513=VECTOR('',#1843,10.);
#514=VECTOR('',#1846,10.);
#515=VECTOR('',#1849,10.);
#516=VECTOR('',#1852,10.);
#517=VECTOR('',#1855,10.);
#518=VECTOR('',#1858,10.);
#519=VECTOR('',#1861,10.);
#520=VECTOR('',#1864,10.);
#521=VECTOR('',#1867,10.);
#522=VECTOR('',#1870,10.);
#523=VECTOR('',#1873,10.);
#524=VECTOR('',#1878,10.);
#525=VECTOR('',#1879,10.);
#526=VECTOR('',#1880,10.);
#527=VECTOR('',#1883,10.);
#528=VECTOR('',#1884,10.);
#529=VECTOR('',#1887,10.);
#530=VECTOR('',#1888,10.);
#531=VECTOR('',#1889,10.);
#532=VECTOR('',#1890,10.);
#533=VECTOR('',#1891,10.);
#534=VECTOR('',#1892,10.);
#535=VECTOR('',#1893,10.);
#536=VECTOR('',#1894,10.);
#537=VECTOR('',#1895,10.);
#538=VECTOR('',#1896,10.);
#539=VECTOR('',#1897,10.);
#540=VECTOR('',#1898,10.);
#541=VECTOR('',#1907,10.);
#542=VECTOR('',#1910,10.);
#543=VECTOR('',#1913,10.);
#544=VECTOR('',#1916,10.);
#545=VECTOR('',#1919,10.);
#546=VECTOR('',#1922,10.);
#547=VECTOR('',#1925,10.);
#548=VECTOR('',#1928,10.);
#549=VECTOR('',#1931,10.);
#550=VECTOR('',#1934,10.);
#551=VECTOR('',#1937,10.);
#552=VECTOR('',#1940,10.);
#553=VECTOR('',#1943,10.);
#554=VECTOR('',#1946,10.);
#555=VECTOR('',#1949,10.);
#556=VECTOR('',#1952,10.);
#557=VECTOR('',#1955,10.);
#558=VECTOR('',#1958,10.);
#559=VECTOR('',#1961,10.);
#560=VECTOR('',#1964,10.);
#561=VECTOR('',#1967,10.);
#562=VECTOR('',#1970,10.);
#563=VECTOR('',#1973,10.);
#564=VECTOR('',#1976,10.);
#565=VECTOR('',#1979,10.);
#566=VECTOR('',#1982,10.);
#567=VECTOR('',#1985,10.);
#568=VECTOR('',#1988,10.);
#569=VECTOR('',#1993,10.);
#570=VECTOR('',#1996,10.);
#571=VECTOR('',#2001,1.40000000000001);
#572=VECTOR('',#2004,1.40000000000001);
#573=VECTOR('',#2007,1.40000000000001);
#574=VECTOR('',#2010,1.4);
#575=VECTOR('',#2013,10.);
#576=VECTOR('',#2014,10.);
#577=VECTOR('',#2017,10.);
#578=VECTOR('',#2018,10.);
#579=VECTOR('',#2021,10.);
#580=VECTOR('',#2028,10.);
#581=VECTOR('',#2029,10.);
#582=VECTOR('',#2034,10.);
#583=VECTOR('',#2039,10.);
#584=VECTOR('',#2040,10.);
#585=VECTOR('',#2043,10.);
#586=VECTOR('',#2046,10.);
#587=VECTOR('',#2049,10.);
#588=VECTOR('',#2052,10.);
#589=VECTOR('',#2055,10.);
#590=VECTOR('',#2058,10.);
#591=VECTOR('',#2063,10.);
#592=VECTOR('',#2064,10.);
#593=VECTOR('',#2067,10.);
#594=VECTOR('',#2070,10.);
#595=VECTOR('',#2073,10.);
#596=VECTOR('',#2076,10.);
#597=VECTOR('',#2079,10.);
#598=VECTOR('',#2082,10.);
#599=VECTOR('',#2087,10.);
#600=VECTOR('',#2088,10.);
#601=VECTOR('',#2091,10.);
#602=VECTOR('',#2094,10.);
#603=VECTOR('',#2097,10.);
#604=VECTOR('',#2100,10.);
#605=VECTOR('',#2103,10.);
#606=VECTOR('',#2106,10.);
#607=VECTOR('',#2111,10.);
#608=VECTOR('',#2112,10.);
#609=VECTOR('',#2115,10.);
#610=VECTOR('',#2118,10.);
#611=VECTOR('',#2121,10.);
#612=VECTOR('',#2124,10.);
#613=VECTOR('',#2127,10.);
#614=VECTOR('',#2130,10.);
#615=VECTOR('',#2135,10.);
#616=VECTOR('',#2136,10.);
#617=VECTOR('',#2139,10.);
#618=VECTOR('',#2142,10.);
#619=VECTOR('',#2145,10.);
#620=VECTOR('',#2148,10.);
#621=VECTOR('',#2151,10.);
#622=VECTOR('',#2154,10.);
#623=VECTOR('',#2159,10.);
#624=VECTOR('',#2160,10.);
#625=VECTOR('',#2163,10.);
#626=VECTOR('',#2166,10.);
#627=VECTOR('',#2169,10.);
#628=VECTOR('',#2172,10.);
#629=VECTOR('',#2175,10.);
#630=VECTOR('',#2178,10.);
#631=VECTOR('',#2183,10.);
#632=VECTOR('',#2184,10.);
#633=VECTOR('',#2187,10.);
#634=VECTOR('',#2190,10.);
#635=VECTOR('',#2193,10.);
#636=VECTOR('',#2196,10.);
#637=VECTOR('',#2199,10.);
#638=VECTOR('',#2202,10.);
#639=VERTEX_POINT('',#2207);
#640=VERTEX_POINT('',#2208);
#641=VERTEX_POINT('',#2210);
#642=VERTEX_POINT('',#2212);
#643=VERTEX_POINT('',#2216);
#644=VERTEX_POINT('',#2218);
#645=VERTEX_POINT('',#2222);
#646=VERTEX_POINT('',#2224);
#647=VERTEX_POINT('',#2226);
#648=VERTEX_POINT('',#2228);
#649=VERTEX_POINT('',#2230);
#650=VERTEX_POINT('',#2232);
#651=VERTEX_POINT('',#2234);
#652=VERTEX_POINT('',#2236);
#653=VERTEX_POINT('',#2238);
#654=VERTEX_POINT('',#2240);
#655=VERTEX_POINT('',#2242);
#656=VERTEX_POINT('',#2244);
#657=VERTEX_POINT('',#2246);
#658=VERTEX_POINT('',#2249);
#659=VERTEX_POINT('',#2251);
#660=VERTEX_POINT('',#2253);
#661=VERTEX_POINT('',#2255);
#662=VERTEX_POINT('',#2257);
#663=VERTEX_POINT('',#2258);
#664=VERTEX_POINT('',#2260);
#665=VERTEX_POINT('',#2262);
#666=VERTEX_POINT('',#2264);
#667=VERTEX_POINT('',#2266);
#668=VERTEX_POINT('',#2268);
#669=VERTEX_POINT('',#2270);
#670=VERTEX_POINT('',#2273);
#671=VERTEX_POINT('',#2274);
#672=VERTEX_POINT('',#2276);
#673=VERTEX_POINT('',#2278);
#674=VERTEX_POINT('',#2280);
#675=VERTEX_POINT('',#2282);
#676=VERTEX_POINT('',#2284);
#677=VERTEX_POINT('',#2286);
#678=VERTEX_POINT('',#2289);
#679=VERTEX_POINT('',#2290);
#680=VERTEX_POINT('',#2292);
#681=VERTEX_POINT('',#2294);
#682=VERTEX_POINT('',#2296);
#683=VERTEX_POINT('',#2298);
#684=VERTEX_POINT('',#2300);
#685=VERTEX_POINT('',#2302);
#686=VERTEX_POINT('',#2305);
#687=VERTEX_POINT('',#2306);
#688=VERTEX_POINT('',#2308);
#689=VERTEX_POINT('',#2310);
#690=VERTEX_POINT('',#2312);
#691=VERTEX_POINT('',#2314);
#692=VERTEX_POINT('',#2316);
#693=VERTEX_POINT('',#2318);
#694=VERTEX_POINT('',#2321);
#695=VERTEX_POINT('',#2322);
#696=VERTEX_POINT('',#2324);
#697=VERTEX_POINT('',#2326);
#698=VERTEX_POINT('',#2328);
#699=VERTEX_POINT('',#2330);
#700=VERTEX_POINT('',#2332);
#701=VERTEX_POINT('',#2334);
#702=VERTEX_POINT('',#2337);
#703=VERTEX_POINT('',#2338);
#704=VERTEX_POINT('',#2340);
#705=VERTEX_POINT('',#2342);
#706=VERTEX_POINT('',#2344);
#707=VERTEX_POINT('',#2346);
#708=VERTEX_POINT('',#2348);
#709=VERTEX_POINT('',#2350);
#710=VERTEX_POINT('',#2353);
#711=VERTEX_POINT('',#2354);
#712=VERTEX_POINT('',#2356);
#713=VERTEX_POINT('',#2358);
#714=VERTEX_POINT('',#2360);
#715=VERTEX_POINT('',#2362);
#716=VERTEX_POINT('',#2364);
#717=VERTEX_POINT('',#2366);
#718=VERTEX_POINT('',#2370);
#719=VERTEX_POINT('',#2371);
#720=VERTEX_POINT('',#2376);
#721=VERTEX_POINT('',#2380);
#722=VERTEX_POINT('',#2382);
#723=VERTEX_POINT('',#2385);
#724=VERTEX_POINT('',#2387);
#725=VERTEX_POINT('',#2389);
#726=VERTEX_POINT('',#2391);
#727=VERTEX_POINT('',#2393);
#728=VERTEX_POINT('',#2395);
#729=VERTEX_POINT('',#2397);
#730=VERTEX_POINT('',#2399);
#731=VERTEX_POINT('',#2402);
#732=VERTEX_POINT('',#2404);
#733=VERTEX_POINT('',#2406);
#734=VERTEX_POINT('',#2408);
#735=VERTEX_POINT('',#2410);
#736=VERTEX_POINT('',#2411);
#737=VERTEX_POINT('',#2413);
#738=VERTEX_POINT('',#2415);
#739=VERTEX_POINT('',#2417);
#740=VERTEX_POINT('',#2419);
#741=VERTEX_POINT('',#2421);
#742=VERTEX_POINT('',#2423);
#743=VERTEX_POINT('',#2426);
#744=VERTEX_POINT('',#2427);
#745=VERTEX_POINT('',#2429);
#746=VERTEX_POINT('',#2431);
#747=VERTEX_POINT('',#2433);
#748=VERTEX_POINT('',#2435);
#749=VERTEX_POINT('',#2437);
#750=VERTEX_POINT('',#2439);
#751=VERTEX_POINT('',#2442);
#752=VERTEX_POINT('',#2443);
#753=VERTEX_POINT('',#2445);
#754=VERTEX_POINT('',#2447);
#755=VERTEX_POINT('',#2449);
#756=VERTEX_POINT('',#2451);
#757=VERTEX_POINT('',#2453);
#758=VERTEX_POINT('',#2455);
#759=VERTEX_POINT('',#2458);
#760=VERTEX_POINT('',#2459);
#761=VERTEX_POINT('',#2461);
#762=VERTEX_POINT('',#2463);
#763=VERTEX_POINT('',#2465);
#764=VERTEX_POINT('',#2467);
#765=VERTEX_POINT('',#2469);
#766=VERTEX_POINT('',#2471);
#767=VERTEX_POINT('',#2474);
#768=VERTEX_POINT('',#2475);
#769=VERTEX_POINT('',#2477);
#770=VERTEX_POINT('',#2479);
#771=VERTEX_POINT('',#2481);
#772=VERTEX_POINT('',#2483);
#773=VERTEX_POINT('',#2485);
#774=VERTEX_POINT('',#2487);
#775=VERTEX_POINT('',#2490);
#776=VERTEX_POINT('',#2491);
#777=VERTEX_POINT('',#2493);
#778=VERTEX_POINT('',#2495);
#779=VERTEX_POINT('',#2497);
#780=VERTEX_POINT('',#2499);
#781=VERTEX_POINT('',#2501);
#782=VERTEX_POINT('',#2503);
#783=VERTEX_POINT('',#2506);
#784=VERTEX_POINT('',#2507);
#785=VERTEX_POINT('',#2509);
#786=VERTEX_POINT('',#2511);
#787=VERTEX_POINT('',#2513);
#788=VERTEX_POINT('',#2515);
#789=VERTEX_POINT('',#2517);
#790=VERTEX_POINT('',#2519);
#791=EDGE_CURVE('',#639,#640,#311,.T.);
#792=EDGE_CURVE('',#640,#641,#312,.T.);
#793=EDGE_CURVE('',#641,#642,#313,.T.);
#794=EDGE_CURVE('',#642,#639,#314,.T.);
#795=EDGE_CURVE('',#642,#643,#315,.T.);
#796=EDGE_CURVE('',#644,#643,#316,.T.);
#797=EDGE_CURVE('',#639,#644,#317,.T.);
#798=EDGE_CURVE('',#645,#641,#318,.T.);
#799=EDGE_CURVE('',#645,#646,#319,.T.);
#800=EDGE_CURVE('',#646,#647,#320,.T.);
#801=EDGE_CURVE('',#647,#648,#321,.T.);
#802=EDGE_CURVE('',#648,#649,#322,.T.);
#803=EDGE_CURVE('',#649,#650,#323,.T.);
#804=EDGE_CURVE('',#650,#651,#324,.T.);
#805=EDGE_CURVE('',#651,#652,#325,.T.);
#806=EDGE_CURVE('',#653,#652,#326,.T.);
#807=EDGE_CURVE('',#654,#653,#327,.T.);
#808=EDGE_CURVE('',#655,#654,#328,.T.);
#809=EDGE_CURVE('',#656,#655,#329,.T.);
#810=EDGE_CURVE('',#657,#656,#330,.T.);
#811=EDGE_CURVE('',#643,#657,#331,.T.);
#812=EDGE_CURVE('',#658,#658,#69,.T.);
#813=EDGE_CURVE('',#659,#659,#70,.T.);
#814=EDGE_CURVE('',#660,#660,#71,.T.);
#815=EDGE_CURVE('',#661,#661,#72,.T.);
#816=EDGE_CURVE('',#662,#663,#332,.T.);
#817=EDGE_CURVE('',#663,#664,#73,.T.);
#818=EDGE_CURVE('',#664,#665,#333,.T.);
#819=EDGE_CURVE('',#665,#666,#74,.T.);
#820=EDGE_CURVE('',#666,#667,#334,.T.);
#821=EDGE_CURVE('',#667,#668,#75,.T.);
#822=EDGE_CURVE('',#668,#669,#335,.T.);
#823=EDGE_CURVE('',#669,#662,#76,.T.);
#824=EDGE_CURVE('',#670,#671,#336,.T.);
#825=EDGE_CURVE('',#671,#672,#77,.T.);
#826=EDGE_CURVE('',#672,#673,#337,.T.);
#827=EDGE_CURVE('',#673,#674,#78,.T.);
#828=EDGE_CURVE('',#674,#675,#338,.T.);
#829=EDGE_CURVE('',#675,#676,#79,.T.);
#830=EDGE_CURVE('',#676,#677,#339,.T.);
#831=EDGE_CURVE('',#677,#670,#80,.T.);
#832=EDGE_CURVE('',#678,#679,#340,.T.);
#833=EDGE_CURVE('',#679,#680,#81,.T.);
#834=EDGE_CURVE('',#680,#681,#341,.T.);
#835=EDGE_CURVE('',#681,#682,#82,.T.);
#836=EDGE_CURVE('',#682,#683,#342,.T.);
#837=EDGE_CURVE('',#683,#684,#83,.T.);
#838=EDGE_CURVE('',#684,#685,#343,.T.);
#839=EDGE_CURVE('',#685,#678,#84,.T.);
#840=EDGE_CURVE('',#686,#687,#344,.T.);
#841=EDGE_CURVE('',#687,#688,#85,.T.);
#842=EDGE_CURVE('',#688,#689,#345,.T.);
#843=EDGE_CURVE('',#689,#690,#86,.T.);
#844=EDGE_CURVE('',#690,#691,#346,.T.);
#845=EDGE_CURVE('',#691,#692,#87,.T.);
#846=EDGE_CURVE('',#692,#693,#347,.T.);
#847=EDGE_CURVE('',#693,#686,#88,.T.);
#848=EDGE_CURVE('',#694,#695,#348,.T.);
#849=EDGE_CURVE('',#695,#696,#89,.T.);
#850=EDGE_CURVE('',#696,#697,#349,.T.);
#851=EDGE_CURVE('',#697,#698,#90,.T.);
#852=EDGE_CURVE('',#698,#699,#350,.T.);
#853=EDGE_CURVE('',#699,#700,#91,.T.);
#854=EDGE_CURVE('',#700,#701,#351,.T.);
#855=EDGE_CURVE('',#701,#694,#92,.T.);
#856=EDGE_CURVE('',#702,#703,#352,.T.);
#857=EDGE_CURVE('',#703,#704,#93,.T.);
#858=EDGE_CURVE('',#704,#705,#353,.T.);
#859=EDGE_CURVE('',#705,#706,#94,.T.);
#860=EDGE_CURVE('',#706,#707,#354,.T.);
#861=EDGE_CURVE('',#707,#708,#95,.T.);
#862=EDGE_CURVE('',#708,#709,#355,.T.);
#863=EDGE_CURVE('',#709,#702,#96,.T.);
#864=EDGE_CURVE('',#710,#711,#356,.T.);
#865=EDGE_CURVE('',#711,#712,#97,.T.);
#866=EDGE_CURVE('',#712,#713,#357,.T.);
#867=EDGE_CURVE('',#713,#714,#98,.T.);
#868=EDGE_CURVE('',#714,#715,#358,.T.);
#869=EDGE_CURVE('',#715,#716,#99,.T.);
#870=EDGE_CURVE('',#716,#717,#359,.T.);
#871=EDGE_CURVE('',#717,#710,#100,.T.);
#872=EDGE_CURVE('',#718,#719,#360,.T.);
#873=EDGE_CURVE('',#719,#654,#361,.T.);
#874=EDGE_CURVE('',#653,#718,#362,.T.);
#875=EDGE_CURVE('',#720,#719,#363,.T.);
#876=EDGE_CURVE('',#655,#720,#364,.T.);
#877=EDGE_CURVE('',#721,#644,#365,.T.);
#878=EDGE_CURVE('',#721,#722,#366,.T.);
#879=EDGE_CURVE('',#720,#722,#367,.T.);
#880=EDGE_CURVE('',#718,#723,#368,.T.);
#881=EDGE_CURVE('',#723,#724,#369,.T.);
#882=EDGE_CURVE('',#724,#725,#370,.T.);
#883=EDGE_CURVE('',#725,#726,#371,.T.);
#884=EDGE_CURVE('',#726,#727,#372,.T.);
#885=EDGE_CURVE('',#727,#728,#373,.T.);
#886=EDGE_CURVE('',#728,#729,#374,.T.);
#887=EDGE_CURVE('',#729,#730,#375,.T.);
#888=EDGE_CURVE('',#730,#640,#376,.T.);
#889=EDGE_CURVE('',#731,#731,#101,.T.);
#890=EDGE_CURVE('',#732,#732,#102,.T.);
#891=EDGE_CURVE('',#733,#733,#103,.T.);
#892=EDGE_CURVE('',#734,#734,#104,.T.);
#893=EDGE_CURVE('',#735,#736,#377,.T.);
#894=EDGE_CURVE('',#736,#737,#105,.T.);
#895=EDGE_CURVE('',#737,#738,#378,.T.);
#896=EDGE_CURVE('',#738,#739,#106,.T.);
#897=EDGE_CURVE('',#739,#740,#379,.T.);
#898=EDGE_CURVE('',#740,#741,#107,.T.);
#899=EDGE_CURVE('',#741,#742,#380,.T.);
#900=EDGE_CURVE('',#742,#735,#108,.T.);
#901=EDGE_CURVE('',#743,#744,#381,.T.);
#902=EDGE_CURVE('',#744,#745,#109,.T.);
#903=EDGE_CURVE('',#745,#746,#382,.T.);
#904=EDGE_CURVE('',#746,#747,#110,.T.);
#905=EDGE_CURVE('',#747,#748,#383,.T.);
#906=EDGE_CURVE('',#748,#749,#111,.T.);
#907=EDGE_CURVE('',#749,#750,#384,.T.);
#908=EDGE_CURVE('',#750,#743,#112,.T.);
#909=EDGE_CURVE('',#751,#752,#385,.T.);
#910=EDGE_CURVE('',#752,#753,#113,.T.);
#911=EDGE_CURVE('',#753,#754,#386,.T.);
#912=EDGE_CURVE('',#754,#755,#114,.T.);
#913=EDGE_CURVE('',#755,#756,#387,.T.);
#914=EDGE_CURVE('',#756,#757,#115,.T.);
#915=EDGE_CURVE('',#757,#758,#388,.T.);
#916=EDGE_CURVE('',#758,#751,#116,.T.);
#917=EDGE_CURVE('',#759,#760,#389,.T.);
#918=EDGE_CURVE('',#760,#761,#117,.T.);
#919=EDGE_CURVE('',#761,#762,#390,.T.);
#920=EDGE_CURVE('',#762,#763,#118,.T.);
#921=EDGE_CURVE('',#763,#764,#391,.T.);
#922=EDGE_CURVE('',#764,#765,#119,.T.);
#923=EDGE_CURVE('',#765,#766,#392,.T.);
#924=EDGE_CURVE('',#766,#759,#120,.T.);
#925=EDGE_CURVE('',#767,#768,#393,.T.);
#926=EDGE_CURVE('',#768,#769,#121,.T.);
#927=EDGE_CURVE('',#769,#770,#394,.T.);
#928=EDGE_CURVE('',#770,#771,#122,.T.);
#929=EDGE_CURVE('',#771,#772,#395,.T.);
#930=EDGE_CURVE('',#772,#773,#123,.T.);
#931=EDGE_CURVE('',#773,#774,#396,.T.);
#932=EDGE_CURVE('',#774,#767,#124,.T.);
#933=EDGE_CURVE('',#775,#776,#397,.T.);
#934=EDGE_CURVE('',#776,#777,#125,.T.);
#935=EDGE_CURVE('',#777,#778,#398,.T.);
#936=EDGE_CURVE('',#778,#779,#126,.T.);
#937=EDGE_CURVE('',#779,#780,#399,.T.);
#938=EDGE_CURVE('',#780,#781,#127,.T.);
#939=EDGE_CURVE('',#781,#782,#400,.T.);
#940=EDGE_CURVE('',#782,#775,#128,.T.);
#941=EDGE_CURVE('',#783,#784,#401,.T.);
#942=EDGE_CURVE('',#784,#785,#129,.T.);
#943=EDGE_CURVE('',#785,#786,#402,.T.);
#944=EDGE_CURVE('',#786,#787,#130,.T.);
#945=EDGE_CURVE('',#787,#788,#403,.T.);
#946=EDGE_CURVE('',#788,#789,#131,.T.);
#947=EDGE_CURVE('',#789,#790,#404,.T.);
#948=EDGE_CURVE('',#790,#783,#132,.T.);
#949=EDGE_CURVE('',#722,#656,#405,.T.);
#950=EDGE_CURVE('',#657,#721,#406,.T.);
#951=EDGE_CURVE('',#731,#658,#407,.T.);
#952=EDGE_CURVE('',#732,#659,#408,.T.);
#953=EDGE_CURVE('',#733,#660,#409,.T.);
#954=EDGE_CURVE('',#734,#661,#410,.T.);
#955=EDGE_CURVE('',#730,#645,#411,.T.);
#956=EDGE_CURVE('',#646,#729,#412,.T.);
#957=EDGE_CURVE('',#652,#723,#413,.T.);
#958=EDGE_CURVE('',#724,#651,#414,.T.);
#959=EDGE_CURVE('',#725,#650,#415,.T.);
#960=EDGE_CURVE('',#727,#648,#416,.T.);
#961=EDGE_CURVE('',#726,#649,#417,.T.);
#962=EDGE_CURVE('',#728,#647,#418,.T.);
#963=EDGE_CURVE('',#787,#715,#419,.T.);
#964=EDGE_CURVE('',#788,#714,#420,.T.);
#965=EDGE_CURVE('',#789,#713,#421,.T.);
#966=EDGE_CURVE('',#790,#712,#422,.T.);
#967=EDGE_CURVE('',#783,#711,#423,.T.);
#968=EDGE_CURVE('',#784,#710,#424,.T.);
#969=EDGE_CURVE('',#786,#716,#425,.T.);
#970=EDGE_CURVE('',#785,#717,#426,.T.);
#971=EDGE_CURVE('',#779,#707,#427,.T.);
#972=EDGE_CURVE('',#780,#706,#428,.T.);
#973=EDGE_CURVE('',#781,#705,#429,.T.);
#974=EDGE_CURVE('',#782,#704,#430,.T.);
#975=EDGE_CURVE('',#775,#703,#431,.T.);
#976=EDGE_CURVE('',#776,#702,#432,.T.);
#977=EDGE_CURVE('',#778,#708,#433,.T.);
#978=EDGE_CURVE('',#777,#709,#434,.T.);
#979=EDGE_CURVE('',#771,#699,#435,.T.);
#980=EDGE_CURVE('',#772,#698,#436,.T.);
#981=EDGE_CURVE('',#773,#697,#437,.T.);
#982=EDGE_CURVE('',#774,#696,#438,.T.);
#983=EDGE_CURVE('',#767,#695,#439,.T.);
#984=EDGE_CURVE('',#768,#694,#440,.T.);
#985=EDGE_CURVE('',#770,#700,#441,.T.);
#986=EDGE_CURVE('',#769,#701,#442,.T.);
#987=EDGE_CURVE('',#763,#691,#443,.T.);
#988=EDGE_CURVE('',#764,#690,#444,.T.);
#989=EDGE_CURVE('',#765,#689,#445,.T.);
#990=EDGE_CURVE('',#766,#688,#446,.T.);
#991=EDGE_CURVE('',#759,#687,#447,.T.);
#992=EDGE_CURVE('',#760,#686,#448,.T.);
#993=EDGE_CURVE('',#762,#692,#449,.T.);
#994=EDGE_CURVE('',#761,#693,#450,.T.);
#995=EDGE_CURVE('',#755,#683,#451,.T.);
#996=EDGE_CURVE('',#756,#682,#452,.T.);
#997=EDGE_CURVE('',#757,#681,#453,.T.);
#998=EDGE_CURVE('',#758,#680,#454,.T.);
#999=EDGE_CURVE('',#751,#679,#455,.T.);
#1000=EDGE_CURVE('',#752,#678,#456,.T.);
#1001=EDGE_CURVE('',#754,#684,#457,.T.);
#1002=EDGE_CURVE('',#753,#685,#458,.T.);
#1003=EDGE_CURVE('',#747,#675,#459,.T.);
#1004=EDGE_CURVE('',#748,#674,#460,.T.);
#1005=EDGE_CURVE('',#749,#673,#461,.T.);
#1006=EDGE_CURVE('',#750,#672,#462,.T.);
#1007=EDGE_CURVE('',#743,#671,#463,.T.);
#1008=EDGE_CURVE('',#744,#670,#464,.T.);
#1009=EDGE_CURVE('',#746,#676,#465,.T.);
#1010=EDGE_CURVE('',#745,#677,#466,.T.);
#1011=EDGE_CURVE('',#739,#667,#467,.T.);
#1012=EDGE_CURVE('',#740,#666,#468,.T.);
#1013=EDGE_CURVE('',#741,#665,#469,.T.);
#1014=EDGE_CURVE('',#742,#664,#470,.T.);
#1015=EDGE_CURVE('',#735,#663,#471,.T.);
#1016=EDGE_CURVE('',#736,#662,#472,.T.);
#1017=EDGE_CURVE('',#738,#668,#473,.T.);
#1018=EDGE_CURVE('',#737,#669,#474,.T.);
#1019=ORIENTED_EDGE('',*,*,#791,.T.);
#1020=ORIENTED_EDGE('',*,*,#792,.T.);
#1021=ORIENTED_EDGE('',*,*,#793,.T.);
#1022=ORIENTED_EDGE('',*,*,#794,.T.);
#1023=ORIENTED_EDGE('',*,*,#794,.F.);
#1024=ORIENTED_EDGE('',*,*,#795,.T.);
#1025=ORIENTED_EDGE('',*,*,#796,.F.);
#1026=ORIENTED_EDGE('',*,*,#797,.F.);
#1027=ORIENTED_EDGE('',*,*,#793,.F.);
#1028=ORIENTED_EDGE('',*,*,#798,.F.);
#1029=ORIENTED_EDGE('',*,*,#799,.T.);
#1030=ORIENTED_EDGE('',*,*,#800,.T.);
#1031=ORIENTED_EDGE('',*,*,#801,.T.);
#1032=ORIENTED_EDGE('',*,*,#802,.T.);
#1033=ORIENTED_EDGE('',*,*,#803,.T.);
#1034=ORIENTED_EDGE('',*,*,#804,.T.);
#1035=ORIENTED_EDGE('',*,*,#805,.T.);
#1036=ORIENTED_EDGE('',*,*,#806,.F.);
#1037=ORIENTED_EDGE('',*,*,#807,.F.);
#1038=ORIENTED_EDGE('',*,*,#808,.F.);
#1039=ORIENTED_EDGE('',*,*,#809,.F.);
#1040=ORIENTED_EDGE('',*,*,#810,.F.);
#1041=ORIENTED_EDGE('',*,*,#811,.F.);
#1042=ORIENTED_EDGE('',*,*,#795,.F.);
#1043=ORIENTED_EDGE('',*,*,#812,.T.);
#1044=ORIENTED_EDGE('',*,*,#813,.T.);
#1045=ORIENTED_EDGE('',*,*,#814,.T.);
#1046=ORIENTED_EDGE('',*,*,#815,.T.);
#1047=ORIENTED_EDGE('',*,*,#816,.T.);
#1048=ORIENTED_EDGE('',*,*,#817,.T.);
#1049=ORIENTED_EDGE('',*,*,#818,.T.);
#1050=ORIENTED_EDGE('',*,*,#819,.T.);
#1051=ORIENTED_EDGE('',*,*,#820,.T.);
#1052=ORIENTED_EDGE('',*,*,#821,.T.);
#1053=ORIENTED_EDGE('',*,*,#822,.T.);
#1054=ORIENTED_EDGE('',*,*,#823,.T.);
#1055=ORIENTED_EDGE('',*,*,#824,.T.);
#1056=ORIENTED_EDGE('',*,*,#825,.T.);
#1057=ORIENTED_EDGE('',*,*,#826,.T.);
#1058=ORIENTED_EDGE('',*,*,#827,.T.);
#1059=ORIENTED_EDGE('',*,*,#828,.T.);
#1060=ORIENTED_EDGE('',*,*,#829,.T.);
#1061=ORIENTED_EDGE('',*,*,#830,.T.);
#1062=ORIENTED_EDGE('',*,*,#831,.T.);
#1063=ORIENTED_EDGE('',*,*,#832,.T.);
#1064=ORIENTED_EDGE('',*,*,#833,.T.);
#1065=ORIENTED_EDGE('',*,*,#834,.T.);
#1066=ORIENTED_EDGE('',*,*,#835,.T.);
#1067=ORIENTED_EDGE('',*,*,#836,.T.);
#1068=ORIENTED_EDGE('',*,*,#837,.T.);
#1069=ORIENTED_EDGE('',*,*,#838,.T.);
#1070=ORIENTED_EDGE('',*,*,#839,.T.);
#1071=ORIENTED_EDGE('',*,*,#840,.T.);
#1072=ORIENTED_EDGE('',*,*,#841,.T.);
#1073=ORIENTED_EDGE('',*,*,#842,.T.);
#1074=ORIENTED_EDGE('',*,*,#843,.T.);
#1075=ORIENTED_EDGE('',*,*,#844,.T.);
#1076=ORIENTED_EDGE('',*,*,#845,.T.);
#1077=ORIENTED_EDGE('',*,*,#846,.T.);
#1078=ORIENTED_EDGE('',*,*,#847,.T.);
#1079=ORIENTED_EDGE('',*,*,#848,.T.);
#1080=ORIENTED_EDGE('',*,*,#849,.T.);
#1081=ORIENTED_EDGE('',*,*,#850,.T.);
#1082=ORIENTED_EDGE('',*,*,#851,.T.);
#1083=ORIENTED_EDGE('',*,*,#852,.T.);
#1084=ORIENTED_EDGE('',*,*,#853,.T.);
#1085=ORIENTED_EDGE('',*,*,#854,.T.);
#1086=ORIENTED_EDGE('',*,*,#855,.T.);
#1087=ORIENTED_EDGE('',*,*,#856,.T.);
#1088=ORIENTED_EDGE('',*,*,#857,.T.);
#1089=ORIENTED_EDGE('',*,*,#858,.T.);
#1090=ORIENTED_EDGE('',*,*,#859,.T.);
#1091=ORIENTED_EDGE('',*,*,#860,.T.);
#1092=ORIENTED_EDGE('',*,*,#861,.T.);
#1093=ORIENTED_EDGE('',*,*,#862,.T.);
#1094=ORIENTED_EDGE('',*,*,#863,.T.);
#1095=ORIENTED_EDGE('',*,*,#864,.T.);
#1096=ORIENTED_EDGE('',*,*,#865,.T.);
#1097=ORIENTED_EDGE('',*,*,#866,.T.);
#1098=ORIENTED_EDGE('',*,*,#867,.T.);
#1099=ORIENTED_EDGE('',*,*,#868,.T.);
#1100=ORIENTED_EDGE('',*,*,#869,.T.);
#1101=ORIENTED_EDGE('',*,*,#870,.T.);
#1102=ORIENTED_EDGE('',*,*,#871,.T.);
#1103=ORIENTED_EDGE('',*,*,#872,.T.);
#1104=ORIENTED_EDGE('',*,*,#873,.T.);
#1105=ORIENTED_EDGE('',*,*,#807,.T.);
#1106=ORIENTED_EDGE('',*,*,#874,.T.);
#1107=ORIENTED_EDGE('',*,*,#873,.F.);
#1108=ORIENTED_EDGE('',*,*,#875,.F.);
#1109=ORIENTED_EDGE('',*,*,#876,.F.);
#1110=ORIENTED_EDGE('',*,*,#808,.T.);
#1111=ORIENTED_EDGE('',*,*,#791,.F.);
#1112=ORIENTED_EDGE('',*,*,#797,.T.);
#1113=ORIENTED_EDGE('',*,*,#877,.F.);
#1114=ORIENTED_EDGE('',*,*,#878,.T.);
#1115=ORIENTED_EDGE('',*,*,#879,.F.);
#1116=ORIENTED_EDGE('',*,*,#875,.T.);
#1117=ORIENTED_EDGE('',*,*,#872,.F.);
#1118=ORIENTED_EDGE('',*,*,#880,.T.);
#1119=ORIENTED_EDGE('',*,*,#881,.T.);
#1120=ORIENTED_EDGE('',*,*,#882,.T.);
#1121=ORIENTED_EDGE('',*,*,#883,.T.);
#1122=ORIENTED_EDGE('',*,*,#884,.T.);
#1123=ORIENTED_EDGE('',*,*,#885,.T.);
#1124=ORIENTED_EDGE('',*,*,#886,.T.);
#1125=ORIENTED_EDGE('',*,*,#887,.T.);
#1126=ORIENTED_EDGE('',*,*,#888,.T.);
#1127=ORIENTED_EDGE('',*,*,#889,.T.);
#1128=ORIENTED_EDGE('',*,*,#890,.T.);
#1129=ORIENTED_EDGE('',*,*,#891,.T.);
#1130=ORIENTED_EDGE('',*,*,#892,.T.);
#1131=ORIENTED_EDGE('',*,*,#893,.T.);
#1132=ORIENTED_EDGE('',*,*,#894,.T.);
#1133=ORIENTED_EDGE('',*,*,#895,.T.);
#1134=ORIENTED_EDGE('',*,*,#896,.T.);
#1135=ORIENTED_EDGE('',*,*,#897,.T.);
#1136=ORIENTED_EDGE('',*,*,#898,.T.);
#1137=ORIENTED_EDGE('',*,*,#899,.T.);
#1138=ORIENTED_EDGE('',*,*,#900,.T.);
#1139=ORIENTED_EDGE('',*,*,#901,.T.);
#1140=ORIENTED_EDGE('',*,*,#902,.T.);
#1141=ORIENTED_EDGE('',*,*,#903,.T.);
#1142=ORIENTED_EDGE('',*,*,#904,.T.);
#1143=ORIENTED_EDGE('',*,*,#905,.T.);
#1144=ORIENTED_EDGE('',*,*,#906,.T.);
#1145=ORIENTED_EDGE('',*,*,#907,.T.);
#1146=ORIENTED_EDGE('',*,*,#908,.T.);
#1147=ORIENTED_EDGE('',*,*,#909,.T.);
#1148=ORIENTED_EDGE('',*,*,#910,.T.);
#1149=ORIENTED_EDGE('',*,*,#911,.T.);
#1150=ORIENTED_EDGE('',*,*,#912,.T.);
#1151=ORIENTED_EDGE('',*,*,#913,.T.);
#1152=ORIENTED_EDGE('',*,*,#914,.T.);
#1153=ORIENTED_EDGE('',*,*,#915,.T.);
#1154=ORIENTED_EDGE('',*,*,#916,.T.);
#1155=ORIENTED_EDGE('',*,*,#917,.T.);
#1156=ORIENTED_EDGE('',*,*,#918,.T.);
#1157=ORIENTED_EDGE('',*,*,#919,.T.);
#1158=ORIENTED_EDGE('',*,*,#920,.T.);
#1159=ORIENTED_EDGE('',*,*,#921,.T.);
#1160=ORIENTED_EDGE('',*,*,#922,.T.);
#1161=ORIENTED_EDGE('',*,*,#923,.T.);
#1162=ORIENTED_EDGE('',*,*,#924,.T.);
#1163=ORIENTED_EDGE('',*,*,#925,.T.);
#1164=ORIENTED_EDGE('',*,*,#926,.T.);
#1165=ORIENTED_EDGE('',*,*,#927,.T.);
#1166=ORIENTED_EDGE('',*,*,#928,.T.);
#1167=ORIENTED_EDGE('',*,*,#929,.T.);
#1168=ORIENTED_EDGE('',*,*,#930,.T.);
#1169=ORIENTED_EDGE('',*,*,#931,.T.);
#1170=ORIENTED_EDGE('',*,*,#932,.T.);
#1171=ORIENTED_EDGE('',*,*,#933,.T.);
#1172=ORIENTED_EDGE('',*,*,#934,.T.);
#1173=ORIENTED_EDGE('',*,*,#935,.T.);
#1174=ORIENTED_EDGE('',*,*,#936,.T.);
#1175=ORIENTED_EDGE('',*,*,#937,.T.);
#1176=ORIENTED_EDGE('',*,*,#938,.T.);
#1177=ORIENTED_EDGE('',*,*,#939,.T.);
#1178=ORIENTED_EDGE('',*,*,#940,.T.);
#1179=ORIENTED_EDGE('',*,*,#941,.T.);
#1180=ORIENTED_EDGE('',*,*,#942,.T.);
#1181=ORIENTED_EDGE('',*,*,#943,.T.);
#1182=ORIENTED_EDGE('',*,*,#944,.T.);
#1183=ORIENTED_EDGE('',*,*,#945,.T.);
#1184=ORIENTED_EDGE('',*,*,#946,.T.);
#1185=ORIENTED_EDGE('',*,*,#947,.T.);
#1186=ORIENTED_EDGE('',*,*,#948,.T.);
#1187=ORIENTED_EDGE('',*,*,#879,.T.);
#1188=ORIENTED_EDGE('',*,*,#949,.T.);
#1189=ORIENTED_EDGE('',*,*,#809,.T.);
#1190=ORIENTED_EDGE('',*,*,#876,.T.);
#1191=ORIENTED_EDGE('',*,*,#949,.F.);
#1192=ORIENTED_EDGE('',*,*,#878,.F.);
#1193=ORIENTED_EDGE('',*,*,#950,.F.);
#1194=ORIENTED_EDGE('',*,*,#810,.T.);
#1195=ORIENTED_EDGE('',*,*,#877,.T.);
#1196=ORIENTED_EDGE('',*,*,#796,.T.);
#1197=ORIENTED_EDGE('',*,*,#811,.T.);
#1198=ORIENTED_EDGE('',*,*,#950,.T.);
#1199=ORIENTED_EDGE('',*,*,#889,.F.);
#1200=ORIENTED_EDGE('',*,*,#951,.T.);
#1201=ORIENTED_EDGE('',*,*,#812,.F.);
#1202=ORIENTED_EDGE('',*,*,#951,.F.);
#1203=ORIENTED_EDGE('',*,*,#890,.F.);
#1204=ORIENTED_EDGE('',*,*,#952,.T.);
#1205=ORIENTED_EDGE('',*,*,#813,.F.);
#1206=ORIENTED_EDGE('',*,*,#952,.F.);
#1207=ORIENTED_EDGE('',*,*,#891,.F.);
#1208=ORIENTED_EDGE('',*,*,#953,.T.);
#1209=ORIENTED_EDGE('',*,*,#814,.F.);
#1210=ORIENTED_EDGE('',*,*,#953,.F.);
#1211=ORIENTED_EDGE('',*,*,#892,.F.);
#1212=ORIENTED_EDGE('',*,*,#954,.T.);
#1213=ORIENTED_EDGE('',*,*,#815,.F.);
#1214=ORIENTED_EDGE('',*,*,#954,.F.);
#1215=ORIENTED_EDGE('',*,*,#955,.F.);
#1216=ORIENTED_EDGE('',*,*,#887,.F.);
#1217=ORIENTED_EDGE('',*,*,#956,.F.);
#1218=ORIENTED_EDGE('',*,*,#799,.F.);
#1219=ORIENTED_EDGE('',*,*,#957,.F.);
#1220=ORIENTED_EDGE('',*,*,#805,.F.);
#1221=ORIENTED_EDGE('',*,*,#958,.F.);
#1222=ORIENTED_EDGE('',*,*,#881,.F.);
#1223=ORIENTED_EDGE('',*,*,#958,.T.);
#1224=ORIENTED_EDGE('',*,*,#804,.F.);
#1225=ORIENTED_EDGE('',*,*,#959,.F.);
#1226=ORIENTED_EDGE('',*,*,#882,.F.);
#1227=ORIENTED_EDGE('',*,*,#874,.F.);
#1228=ORIENTED_EDGE('',*,*,#806,.T.);
#1229=ORIENTED_EDGE('',*,*,#957,.T.);
#1230=ORIENTED_EDGE('',*,*,#880,.F.);
#1231=ORIENTED_EDGE('',*,*,#792,.F.);
#1232=ORIENTED_EDGE('',*,*,#888,.F.);
#1233=ORIENTED_EDGE('',*,*,#955,.T.);
#1234=ORIENTED_EDGE('',*,*,#798,.T.);
#1235=ORIENTED_EDGE('',*,*,#802,.F.);
#1236=ORIENTED_EDGE('',*,*,#960,.F.);
#1237=ORIENTED_EDGE('',*,*,#884,.F.);
#1238=ORIENTED_EDGE('',*,*,#961,.T.);
#1239=ORIENTED_EDGE('',*,*,#803,.F.);
#1240=ORIENTED_EDGE('',*,*,#961,.F.);
#1241=ORIENTED_EDGE('',*,*,#883,.F.);
#1242=ORIENTED_EDGE('',*,*,#959,.T.);
#1243=ORIENTED_EDGE('',*,*,#956,.T.);
#1244=ORIENTED_EDGE('',*,*,#886,.F.);
#1245=ORIENTED_EDGE('',*,*,#962,.T.);
#1246=ORIENTED_EDGE('',*,*,#800,.F.);
#1247=ORIENTED_EDGE('',*,*,#801,.F.);
#1248=ORIENTED_EDGE('',*,*,#962,.F.);
#1249=ORIENTED_EDGE('',*,*,#885,.F.);
#1250=ORIENTED_EDGE('',*,*,#960,.T.);
#1251=ORIENTED_EDGE('',*,*,#945,.F.);
#1252=ORIENTED_EDGE('',*,*,#963,.T.);
#1253=ORIENTED_EDGE('',*,*,#868,.F.);
#1254=ORIENTED_EDGE('',*,*,#964,.F.);
#1255=ORIENTED_EDGE('',*,*,#946,.F.);
#1256=ORIENTED_EDGE('',*,*,#964,.T.);
#1257=ORIENTED_EDGE('',*,*,#867,.F.);
#1258=ORIENTED_EDGE('',*,*,#965,.F.);
#1259=ORIENTED_EDGE('',*,*,#947,.F.);
#1260=ORIENTED_EDGE('',*,*,#965,.T.);
#1261=ORIENTED_EDGE('',*,*,#866,.F.);
#1262=ORIENTED_EDGE('',*,*,#966,.F.);
#1263=ORIENTED_EDGE('',*,*,#948,.F.);
#1264=ORIENTED_EDGE('',*,*,#966,.T.);
#1265=ORIENTED_EDGE('',*,*,#865,.F.);
#1266=ORIENTED_EDGE('',*,*,#967,.F.);
#1267=ORIENTED_EDGE('',*,*,#941,.F.);
#1268=ORIENTED_EDGE('',*,*,#967,.T.);
#1269=ORIENTED_EDGE('',*,*,#864,.F.);
#1270=ORIENTED_EDGE('',*,*,#968,.F.);
#1271=ORIENTED_EDGE('',*,*,#944,.F.);
#1272=ORIENTED_EDGE('',*,*,#969,.T.);
#1273=ORIENTED_EDGE('',*,*,#869,.F.);
#1274=ORIENTED_EDGE('',*,*,#963,.F.);
#1275=ORIENTED_EDGE('',*,*,#943,.F.);
#1276=ORIENTED_EDGE('',*,*,#970,.T.);
#1277=ORIENTED_EDGE('',*,*,#870,.F.);
#1278=ORIENTED_EDGE('',*,*,#969,.F.);
#1279=ORIENTED_EDGE('',*,*,#942,.F.);
#1280=ORIENTED_EDGE('',*,*,#968,.T.);
#1281=ORIENTED_EDGE('',*,*,#871,.F.);
#1282=ORIENTED_EDGE('',*,*,#970,.F.);
#1283=ORIENTED_EDGE('',*,*,#937,.F.);
#1284=ORIENTED_EDGE('',*,*,#971,.T.);
#1285=ORIENTED_EDGE('',*,*,#860,.F.);
#1286=ORIENTED_EDGE('',*,*,#972,.F.);
#1287=ORIENTED_EDGE('',*,*,#938,.F.);
#1288=ORIENTED_EDGE('',*,*,#972,.T.);
#1289=ORIENTED_EDGE('',*,*,#859,.F.);
#1290=ORIENTED_EDGE('',*,*,#973,.F.);
#1291=ORIENTED_EDGE('',*,*,#939,.F.);
#1292=ORIENTED_EDGE('',*,*,#973,.T.);
#1293=ORIENTED_EDGE('',*,*,#858,.F.);
#1294=ORIENTED_EDGE('',*,*,#974,.F.);
#1295=ORIENTED_EDGE('',*,*,#940,.F.);
#1296=ORIENTED_EDGE('',*,*,#974,.T.);
#1297=ORIENTED_EDGE('',*,*,#857,.F.);
#1298=ORIENTED_EDGE('',*,*,#975,.F.);
#1299=ORIENTED_EDGE('',*,*,#933,.F.);
#1300=ORIENTED_EDGE('',*,*,#975,.T.);
#1301=ORIENTED_EDGE('',*,*,#856,.F.);
#1302=ORIENTED_EDGE('',*,*,#976,.F.);
#1303=ORIENTED_EDGE('',*,*,#936,.F.);
#1304=ORIENTED_EDGE('',*,*,#977,.T.);
#1305=ORIENTED_EDGE('',*,*,#861,.F.);
#1306=ORIENTED_EDGE('',*,*,#971,.F.);
#1307=ORIENTED_EDGE('',*,*,#935,.F.);
#1308=ORIENTED_EDGE('',*,*,#978,.T.);
#1309=ORIENTED_EDGE('',*,*,#862,.F.);
#1310=ORIENTED_EDGE('',*,*,#977,.F.);
#1311=ORIENTED_EDGE('',*,*,#934,.F.);
#1312=ORIENTED_EDGE('',*,*,#976,.T.);
#1313=ORIENTED_EDGE('',*,*,#863,.F.);
#1314=ORIENTED_EDGE('',*,*,#978,.F.);
#1315=ORIENTED_EDGE('',*,*,#929,.F.);
#1316=ORIENTED_EDGE('',*,*,#979,.T.);
#1317=ORIENTED_EDGE('',*,*,#852,.F.);
#1318=ORIENTED_EDGE('',*,*,#980,.F.);
#1319=ORIENTED_EDGE('',*,*,#930,.F.);
#1320=ORIENTED_EDGE('',*,*,#980,.T.);
#1321=ORIENTED_EDGE('',*,*,#851,.F.);
#1322=ORIENTED_EDGE('',*,*,#981,.F.);
#1323=ORIENTED_EDGE('',*,*,#931,.F.);
#1324=ORIENTED_EDGE('',*,*,#981,.T.);
#1325=ORIENTED_EDGE('',*,*,#850,.F.);
#1326=ORIENTED_EDGE('',*,*,#982,.F.);
#1327=ORIENTED_EDGE('',*,*,#932,.F.);
#1328=ORIENTED_EDGE('',*,*,#982,.T.);
#1329=ORIENTED_EDGE('',*,*,#849,.F.);
#1330=ORIENTED_EDGE('',*,*,#983,.F.);
#1331=ORIENTED_EDGE('',*,*,#925,.F.);
#1332=ORIENTED_EDGE('',*,*,#983,.T.);
#1333=ORIENTED_EDGE('',*,*,#848,.F.);
#1334=ORIENTED_EDGE('',*,*,#984,.F.);
#1335=ORIENTED_EDGE('',*,*,#928,.F.);
#1336=ORIENTED_EDGE('',*,*,#985,.T.);
#1337=ORIENTED_EDGE('',*,*,#853,.F.);
#1338=ORIENTED_EDGE('',*,*,#979,.F.);
#1339=ORIENTED_EDGE('',*,*,#927,.F.);
#1340=ORIENTED_EDGE('',*,*,#986,.T.);
#1341=ORIENTED_EDGE('',*,*,#854,.F.);
#1342=ORIENTED_EDGE('',*,*,#985,.F.);
#1343=ORIENTED_EDGE('',*,*,#926,.F.);
#1344=ORIENTED_EDGE('',*,*,#984,.T.);
#1345=ORIENTED_EDGE('',*,*,#855,.F.);
#1346=ORIENTED_EDGE('',*,*,#986,.F.);
#1347=ORIENTED_EDGE('',*,*,#921,.F.);
#1348=ORIENTED_EDGE('',*,*,#987,.T.);
#1349=ORIENTED_EDGE('',*,*,#844,.F.);
#1350=ORIENTED_EDGE('',*,*,#988,.F.);
#1351=ORIENTED_EDGE('',*,*,#922,.F.);
#1352=ORIENTED_EDGE('',*,*,#988,.T.);
#1353=ORIENTED_EDGE('',*,*,#843,.F.);
#1354=ORIENTED_EDGE('',*,*,#989,.F.);
#1355=ORIENTED_EDGE('',*,*,#923,.F.);
#1356=ORIENTED_EDGE('',*,*,#989,.T.);
#1357=ORIENTED_EDGE('',*,*,#842,.F.);
#1358=ORIENTED_EDGE('',*,*,#990,.F.);
#1359=ORIENTED_EDGE('',*,*,#924,.F.);
#1360=ORIENTED_EDGE('',*,*,#990,.T.);
#1361=ORIENTED_EDGE('',*,*,#841,.F.);
#1362=ORIENTED_EDGE('',*,*,#991,.F.);
#1363=ORIENTED_EDGE('',*,*,#917,.F.);
#1364=ORIENTED_EDGE('',*,*,#991,.T.);
#1365=ORIENTED_EDGE('',*,*,#840,.F.);
#1366=ORIENTED_EDGE('',*,*,#992,.F.);
#1367=ORIENTED_EDGE('',*,*,#920,.F.);
#1368=ORIENTED_EDGE('',*,*,#993,.T.);
#1369=ORIENTED_EDGE('',*,*,#845,.F.);
#1370=ORIENTED_EDGE('',*,*,#987,.F.);
#1371=ORIENTED_EDGE('',*,*,#919,.F.);
#1372=ORIENTED_EDGE('',*,*,#994,.T.);
#1373=ORIENTED_EDGE('',*,*,#846,.F.);
#1374=ORIENTED_EDGE('',*,*,#993,.F.);
#1375=ORIENTED_EDGE('',*,*,#918,.F.);
#1376=ORIENTED_EDGE('',*,*,#992,.T.);
#1377=ORIENTED_EDGE('',*,*,#847,.F.);
#1378=ORIENTED_EDGE('',*,*,#994,.F.);
#1379=ORIENTED_EDGE('',*,*,#913,.F.);
#1380=ORIENTED_EDGE('',*,*,#995,.T.);
#1381=ORIENTED_EDGE('',*,*,#836,.F.);
#1382=ORIENTED_EDGE('',*,*,#996,.F.);
#1383=ORIENTED_EDGE('',*,*,#914,.F.);
#1384=ORIENTED_EDGE('',*,*,#996,.T.);
#1385=ORIENTED_EDGE('',*,*,#835,.F.);
#1386=ORIENTED_EDGE('',*,*,#997,.F.);
#1387=ORIENTED_EDGE('',*,*,#915,.F.);
#1388=ORIENTED_EDGE('',*,*,#997,.T.);
#1389=ORIENTED_EDGE('',*,*,#834,.F.);
#1390=ORIENTED_EDGE('',*,*,#998,.F.);
#1391=ORIENTED_EDGE('',*,*,#916,.F.);
#1392=ORIENTED_EDGE('',*,*,#998,.T.);
#1393=ORIENTED_EDGE('',*,*,#833,.F.);
#1394=ORIENTED_EDGE('',*,*,#999,.F.);
#1395=ORIENTED_EDGE('',*,*,#909,.F.);
#1396=ORIENTED_EDGE('',*,*,#999,.T.);
#1397=ORIENTED_EDGE('',*,*,#832,.F.);
#1398=ORIENTED_EDGE('',*,*,#1000,.F.);
#1399=ORIENTED_EDGE('',*,*,#912,.F.);
#1400=ORIENTED_EDGE('',*,*,#1001,.T.);
#1401=ORIENTED_EDGE('',*,*,#837,.F.);
#1402=ORIENTED_EDGE('',*,*,#995,.F.);
#1403=ORIENTED_EDGE('',*,*,#911,.F.);
#1404=ORIENTED_EDGE('',*,*,#1002,.T.);
#1405=ORIENTED_EDGE('',*,*,#838,.F.);
#1406=ORIENTED_EDGE('',*,*,#1001,.F.);
#1407=ORIENTED_EDGE('',*,*,#910,.F.);
#1408=ORIENTED_EDGE('',*,*,#1000,.T.);
#1409=ORIENTED_EDGE('',*,*,#839,.F.);
#1410=ORIENTED_EDGE('',*,*,#1002,.F.);
#1411=ORIENTED_EDGE('',*,*,#905,.F.);
#1412=ORIENTED_EDGE('',*,*,#1003,.T.);
#1413=ORIENTED_EDGE('',*,*,#828,.F.);
#1414=ORIENTED_EDGE('',*,*,#1004,.F.);
#1415=ORIENTED_EDGE('',*,*,#906,.F.);
#1416=ORIENTED_EDGE('',*,*,#1004,.T.);
#1417=ORIENTED_EDGE('',*,*,#827,.F.);
#1418=ORIENTED_EDGE('',*,*,#1005,.F.);
#1419=ORIENTED_EDGE('',*,*,#907,.F.);
#1420=ORIENTED_EDGE('',*,*,#1005,.T.);
#1421=ORIENTED_EDGE('',*,*,#826,.F.);
#1422=ORIENTED_EDGE('',*,*,#1006,.F.);
#1423=ORIENTED_EDGE('',*,*,#908,.F.);
#1424=ORIENTED_EDGE('',*,*,#1006,.T.);
#1425=ORIENTED_EDGE('',*,*,#825,.F.);
#1426=ORIENTED_EDGE('',*,*,#1007,.F.);
#1427=ORIENTED_EDGE('',*,*,#901,.F.);
#1428=ORIENTED_EDGE('',*,*,#1007,.T.);
#1429=ORIENTED_EDGE('',*,*,#824,.F.);
#1430=ORIENTED_EDGE('',*,*,#1008,.F.);
#1431=ORIENTED_EDGE('',*,*,#904,.F.);
#1432=ORIENTED_EDGE('',*,*,#1009,.T.);
#1433=ORIENTED_EDGE('',*,*,#829,.F.);
#1434=ORIENTED_EDGE('',*,*,#1003,.F.);
#1435=ORIENTED_EDGE('',*,*,#903,.F.);
#1436=ORIENTED_EDGE('',*,*,#1010,.T.);
#1437=ORIENTED_EDGE('',*,*,#830,.F.);
#1438=ORIENTED_EDGE('',*,*,#1009,.F.);
#1439=ORIENTED_EDGE('',*,*,#902,.F.);
#1440=ORIENTED_EDGE('',*,*,#1008,.T.);
#1441=ORIENTED_EDGE('',*,*,#831,.F.);
#1442=ORIENTED_EDGE('',*,*,#1010,.F.);
#1443=ORIENTED_EDGE('',*,*,#897,.F.);
#1444=ORIENTED_EDGE('',*,*,#1011,.T.);
#1445=ORIENTED_EDGE('',*,*,#820,.F.);
#1446=ORIENTED_EDGE('',*,*,#1012,.F.);
#1447=ORIENTED_EDGE('',*,*,#898,.F.);
#1448=ORIENTED_EDGE('',*,*,#1012,.T.);
#1449=ORIENTED_EDGE('',*,*,#819,.F.);
#1450=ORIENTED_EDGE('',*,*,#1013,.F.);
#1451=ORIENTED_EDGE('',*,*,#899,.F.);
#1452=ORIENTED_EDGE('',*,*,#1013,.T.);
#1453=ORIENTED_EDGE('',*,*,#818,.F.);
#1454=ORIENTED_EDGE('',*,*,#1014,.F.);
#1455=ORIENTED_EDGE('',*,*,#900,.F.);
#1456=ORIENTED_EDGE('',*,*,#1014,.T.);
#1457=ORIENTED_EDGE('',*,*,#817,.F.);
#1458=ORIENTED_EDGE('',*,*,#1015,.F.);
#1459=ORIENTED_EDGE('',*,*,#893,.F.);
#1460=ORIENTED_EDGE('',*,*,#1015,.T.);
#1461=ORIENTED_EDGE('',*,*,#816,.F.);
#1462=ORIENTED_EDGE('',*,*,#1016,.F.);
#1463=ORIENTED_EDGE('',*,*,#896,.F.);
#1464=ORIENTED_EDGE('',*,*,#1017,.T.);
#1465=ORIENTED_EDGE('',*,*,#821,.F.);
#1466=ORIENTED_EDGE('',*,*,#1011,.F.);
#1467=ORIENTED_EDGE('',*,*,#895,.F.);
#1468=ORIENTED_EDGE('',*,*,#1018,.T.);
#1469=ORIENTED_EDGE('',*,*,#822,.F.);
#1470=ORIENTED_EDGE('',*,*,#1017,.F.);
#1471=ORIENTED_EDGE('',*,*,#894,.F.);
#1472=ORIENTED_EDGE('',*,*,#1016,.T.);
#1473=ORIENTED_EDGE('',*,*,#823,.F.);
#1474=ORIENTED_EDGE('',*,*,#1018,.F.);
#1475=PLANE('',#1613);
#1476=PLANE('',#1614);
#1477=PLANE('',#1615);
#1478=PLANE('',#1648);
#1479=PLANE('',#1649);
#1480=PLANE('',#1650);
#1481=PLANE('',#1683);
#1482=PLANE('',#1684);
#1483=PLANE('',#1685);
#1484=PLANE('',#1690);
#1485=PLANE('',#1691);
#1486=PLANE('',#1692);
#1487=PLANE('',#1693);
#1488=PLANE('',#1694);
#1489=PLANE('',#1695);
#1490=PLANE('',#1696);
#1491=PLANE('',#1697);
#1492=PLANE('',#1698);
#1493=PLANE('',#1699);
#1494=PLANE('',#1701);
#1495=PLANE('',#1703);
#1496=PLANE('',#1705);
#1497=PLANE('',#1707);
#1498=PLANE('',#1709);
#1499=PLANE('',#1711);
#1500=PLANE('',#1713);
#1501=PLANE('',#1715);
#1502=PLANE('',#1717);
#1503=PLANE('',#1719);
#1504=PLANE('',#1721);
#1505=PLANE('',#1723);
#1506=PLANE('',#1725);
#1507=PLANE('',#1727);
#1508=PLANE('',#1729);
#1509=PLANE('',#1731);
#1510=PLANE('',#1733);
#1511=PLANE('',#1735);
#1512=PLANE('',#1737);
#1513=PLANE('',#1739);
#1514=PLANE('',#1741);
#1515=PLANE('',#1743);
#1516=PLANE('',#1745);
#1517=PLANE('',#1747);
#1518=PLANE('',#1749);
#1519=PLANE('',#1751);
#1520=PLANE('',#1753);
#1521=ADVANCED_FACE('',(#133),#1475,.T.);
#1522=ADVANCED_FACE('',(#134),#1476,.T.);
#1523=ADVANCED_FACE('',(#135,#47,#48,#49,#50,#51,#52,#53,#54,#55,#56,#57),
#1477,.F.);
#1524=ADVANCED_FACE('',(#136),#1478,.T.);
#1525=ADVANCED_FACE('',(#137),#1479,.T.);
#1526=ADVANCED_FACE('',(#138,#58,#59,#60,#61,#62,#63,#64,#65,#66,#67,#68),
#1480,.T.);
#1527=ADVANCED_FACE('',(#139),#1481,.T.);
#1528=ADVANCED_FACE('',(#140),#1482,.T.);
#1529=ADVANCED_FACE('',(#141),#1483,.T.);
#1530=ADVANCED_FACE('',(#142),#15,.F.);
#1531=ADVANCED_FACE('',(#143),#16,.F.);
#1532=ADVANCED_FACE('',(#144),#17,.F.);
#1533=ADVANCED_FACE('',(#145),#18,.F.);
#1534=ADVANCED_FACE('',(#146),#1484,.F.);
#1535=ADVANCED_FACE('',(#147),#1485,.F.);
#1536=ADVANCED_FACE('',(#148),#1486,.F.);
#1537=ADVANCED_FACE('',(#149),#1487,.T.);
#1538=ADVANCED_FACE('',(#150),#1488,.T.);
#1539=ADVANCED_FACE('',(#151),#1489,.F.);
#1540=ADVANCED_FACE('',(#152),#1490,.F.);
#1541=ADVANCED_FACE('',(#153),#1491,.F.);
#1542=ADVANCED_FACE('',(#154),#1492,.F.);
#1543=ADVANCED_FACE('',(#155),#1493,.F.);
#1544=ADVANCED_FACE('',(#156),#19,.F.);
#1545=ADVANCED_FACE('',(#157),#1494,.F.);
#1546=ADVANCED_FACE('',(#158),#20,.F.);
#1547=ADVANCED_FACE('',(#159),#1495,.F.);
#1548=ADVANCED_FACE('',(#160),#21,.F.);
#1549=ADVANCED_FACE('',(#161),#1496,.F.);
#1550=ADVANCED_FACE('',(#162),#22,.F.);
#1551=ADVANCED_FACE('',(#163),#1497,.F.);
#1552=ADVANCED_FACE('',(#164),#23,.F.);
#1553=ADVANCED_FACE('',(#165),#1498,.F.);
#1554=ADVANCED_FACE('',(#166),#24,.F.);
#1555=ADVANCED_FACE('',(#167),#1499,.F.);
#1556=ADVANCED_FACE('',(#168),#25,.F.);
#1557=ADVANCED_FACE('',(#169),#1500,.F.);
#1558=ADVANCED_FACE('',(#170),#26,.F.);
#1559=ADVANCED_FACE('',(#171),#1501,.F.);
#1560=ADVANCED_FACE('',(#172),#27,.F.);
#1561=ADVANCED_FACE('',(#173),#1502,.F.);
#1562=ADVANCED_FACE('',(#174),#28,.F.);
#1563=ADVANCED_FACE('',(#175),#1503,.F.);
#1564=ADVANCED_FACE('',(#176),#29,.F.);
#1565=ADVANCED_FACE('',(#177),#1504,.F.);
#1566=ADVANCED_FACE('',(#178),#30,.F.);
#1567=ADVANCED_FACE('',(#179),#1505,.F.);
#1568=ADVANCED_FACE('',(#180),#31,.F.);
#1569=ADVANCED_FACE('',(#181),#1506,.F.);
#1570=ADVANCED_FACE('',(#182),#32,.F.);
#1571=ADVANCED_FACE('',(#183),#1507,.F.);
#1572=ADVANCED_FACE('',(#184),#33,.F.);
#1573=ADVANCED_FACE('',(#185),#1508,.F.);
#1574=ADVANCED_FACE('',(#186),#34,.F.);
#1575=ADVANCED_FACE('',(#187),#1509,.F.);
#1576=ADVANCED_FACE('',(#188),#35,.F.);
#1577=ADVANCED_FACE('',(#189),#1510,.F.);
#1578=ADVANCED_FACE('',(#190),#36,.F.);
#1579=ADVANCED_FACE('',(#191),#1511,.F.);
#1580=ADVANCED_FACE('',(#192),#37,.F.);
#1581=ADVANCED_FACE('',(#193),#1512,.F.);
#1582=ADVANCED_FACE('',(#194),#38,.F.);
#1583=ADVANCED_FACE('',(#195),#1513,.F.);
#1584=ADVANCED_FACE('',(#196),#39,.F.);
#1585=ADVANCED_FACE('',(#197),#1514,.F.);
#1586=ADVANCED_FACE('',(#198),#40,.F.);
#1587=ADVANCED_FACE('',(#199),#1515,.F.);
#1588=ADVANCED_FACE('',(#200),#41,.F.);
#1589=ADVANCED_FACE('',(#201),#1516,.F.);
#1590=ADVANCED_FACE('',(#202),#42,.F.);
#1591=ADVANCED_FACE('',(#203),#1517,.F.);
#1592=ADVANCED_FACE('',(#204),#43,.F.);
#1593=ADVANCED_FACE('',(#205),#1518,.F.);
#1594=ADVANCED_FACE('',(#206),#44,.F.);
#1595=ADVANCED_FACE('',(#207),#1519,.F.);
#1596=ADVANCED_FACE('',(#208),#45,.F.);
#1597=ADVANCED_FACE('',(#209),#1520,.F.);
#1598=ADVANCED_FACE('',(#210),#46,.F.);
#1599=CLOSED_SHELL('',(#1521,#1522,#1523,#1524,#1525,#1526,#1527,#1528,
#1529,#1530,#1531,#1532,#1533,#1534,#1535,#1536,#1537,#1538,#1539,#1540,
#1541,#1542,#1543,#1544,#1545,#1546,#1547,#1548,#1549,#1550,#1551,#1552,
#1553,#1554,#1555,#1556,#1557,#1558,#1559,#1560,#1561,#1562,#1563,#1564,
#1565,#1566,#1567,#1568,#1569,#1570,#1571,#1572,#1573,#1574,#1575,#1576,
#1577,#1578,#1579,#1580,#1581,#1582,#1583,#1584,#1585,#1586,#1587,#1588,
#1589,#1590,#1591,#1592,#1593,#1594,#1595,#1596,#1597,#1598));
#1600=DERIVED_UNIT_ELEMENT(#1602,1.);
#1601=DERIVED_UNIT_ELEMENT(#2669,-3.);
#1602=(
MASS_UNIT()
NAMED_UNIT(*)
SI_UNIT(.KILO.,.GRAM.)
);
#1603=DERIVED_UNIT((#1600,#1601));
#1604=MEASURE_REPRESENTATION_ITEM('density measure',
POSITIVE_RATIO_MEASURE(7850.),#1603);
#1605=PROPERTY_DEFINITION_REPRESENTATION(#1610,#1607);
#1606=PROPERTY_DEFINITION_REPRESENTATION(#1611,#1608);
#1607=REPRESENTATION('material name',(#1609),#2666);
#1608=REPRESENTATION('density',(#1604),#2666);
#1609=DESCRIPTIVE_REPRESENTATION_ITEM('Steel','Steel');
#1610=PROPERTY_DEFINITION('material property','material name',#2676);
#1611=PROPERTY_DEFINITION('material property','density of part',#2676);
#1612=AXIS2_PLACEMENT_3D('',#2205,#1755,#1756);
#1613=AXIS2_PLACEMENT_3D('',#2206,#1757,#1758);
#1614=AXIS2_PLACEMENT_3D('',#2215,#1763,#1764);
#1615=AXIS2_PLACEMENT_3D('',#2221,#1768,#1769);
#1616=AXIS2_PLACEMENT_3D('',#2250,#1784,#1785);
#1617=AXIS2_PLACEMENT_3D('',#2252,#1786,#1787);
#1618=AXIS2_PLACEMENT_3D('',#2254,#1788,#1789);
#1619=AXIS2_PLACEMENT_3D('',#2256,#1790,#1791);
#1620=AXIS2_PLACEMENT_3D('',#2261,#1793,#1794);
#1621=AXIS2_PLACEMENT_3D('',#2265,#1796,#1797);
#1622=AXIS2_PLACEMENT_3D('',#2269,#1799,#1800);
#1623=AXIS2_PLACEMENT_3D('',#2272,#1802,#1803);
#1624=AXIS2_PLACEMENT_3D('',#2277,#1805,#1806);
#1625=AXIS2_PLACEMENT_3D('',#2281,#1808,#1809);
#1626=AXIS2_PLACEMENT_3D('',#2285,#1811,#1812);
#1627=AXIS2_PLACEMENT_3D('',#2288,#1814,#1815);
#1628=AXIS2_PLACEMENT_3D('',#2293,#1817,#1818);
#1629=AXIS2_PLACEMENT_3D('',#2297,#1820,#1821);
#1630=AXIS2_PLACEMENT_3D('',#2301,#1823,#1824);
#1631=AXIS2_PLACEMENT_3D('',#2304,#1826,#1827);
#1632=AXIS2_PLACEMENT_3D('',#2309,#1829,#1830);
#1633=AXIS2_PLACEMENT_3D('',#2313,#1832,#1833);
#1634=AXIS2_PLACEMENT_3D('',#2317,#1835,#1836);
#1635=AXIS2_PLACEMENT_3D('',#2320,#1838,#1839);
#1636=AXIS2_PLACEMENT_3D('',#2325,#1841,#1842);
#1637=AXIS2_PLACEMENT_3D('',#2329,#1844,#1845);
#1638=AXIS2_PLACEMENT_3D('',#2333,#1847,#1848);
#1639=AXIS2_PLACEMENT_3D('',#2336,#1850,#1851);
#1640=AXIS2_PLACEMENT_3D('',#2341,#1853,#1854);
#1641=AXIS2_PLACEMENT_3D('',#2345,#1856,#1857);
#1642=AXIS2_PLACEMENT_3D('',#2349,#1859,#1860);
#1643=AXIS2_PLACEMENT_3D('',#2352,#1862,#1863);
#1644=AXIS2_PLACEMENT_3D('',#2357,#1865,#1866);
#1645=AXIS2_PLACEMENT_3D('',#2361,#1868,#1869);
#1646=AXIS2_PLACEMENT_3D('',#2365,#1871,#1872);
#1647=AXIS2_PLACEMENT_3D('',#2368,#1874,#1875);
#1648=AXIS2_PLACEMENT_3D('',#2369,#1876,#1877);
#1649=AXIS2_PLACEMENT_3D('',#2375,#1881,#1882);
#1650=AXIS2_PLACEMENT_3D('',#2379,#1885,#1886);
#1651=AXIS2_PLACEMENT_3D('',#2403,#1899,#1900);
#1652=AXIS2_PLACEMENT_3D('',#2405,#1901,#1902);
#1653=AXIS2_PLACEMENT_3D('',#2407,#1903,#1904);
#1654=AXIS2_PLACEMENT_3D('',#2409,#1905,#1906);
#1655=AXIS2_PLACEMENT_3D('',#2414,#1908,#1909);
#1656=AXIS2_PLACEMENT_3D('',#2418,#1911,#1912);
#1657=AXIS2_PLACEMENT_3D('',#2422,#1914,#1915);
#1658=AXIS2_PLACEMENT_3D('',#2425,#1917,#1918);
#1659=AXIS2_PLACEMENT_3D('',#2430,#1920,#1921);
#1660=AXIS2_PLACEMENT_3D('',#2434,#1923,#1924);
#1661=AXIS2_PLACEMENT_3D('',#2438,#1926,#1927);
#1662=AXIS2_PLACEMENT_3D('',#2441,#1929,#1930);
#1663=AXIS2_PLACEMENT_3D('',#2446,#1932,#1933);
#1664=AXIS2_PLACEMENT_3D('',#2450,#1935,#1936);
#1665=AXIS2_PLACEMENT_3D('',#2454,#1938,#1939);
#1666=AXIS2_PLACEMENT_3D('',#2457,#1941,#1942);
#1667=AXIS2_PLACEMENT_3D('',#2462,#1944,#1945);
#1668=AXIS2_PLACEMENT_3D('',#2466,#1947,#1948);
#1669=AXIS2_PLACEMENT_3D('',#2470,#1950,#1951);
#1670=AXIS2_PLACEMENT_3D('',#2473,#1953,#1954);
#1671=AXIS2_PLACEMENT_3D('',#2478,#1956,#1957);
#1672=AXIS2_PLACEMENT_3D('',#2482,#1959,#1960);
#1673=AXIS2_PLACEMENT_3D('',#2486,#1962,#1963);
#1674=AXIS2_PLACEMENT_3D('',#2489,#1965,#1966);
#1675=AXIS2_PLACEMENT_3D('',#2494,#1968,#1969);
#1676=AXIS2_PLACEMENT_3D('',#2498,#1971,#1972);
#1677=AXIS2_PLACEMENT_3D('',#2502,#1974,#1975);
#1678=AXIS2_PLACEMENT_3D('',#2505,#1977,#1978);
#1679=AXIS2_PLACEMENT_3D('',#2510,#1980,#1981);
#1680=AXIS2_PLACEMENT_3D('',#2514,#1983,#1984);
#1681=AXIS2_PLACEMENT_3D('',#2518,#1986,#1987);
#1682=AXIS2_PLACEMENT_3D('',#2521,#1989,#1990);
#1683=AXIS2_PLACEMENT_3D('',#2522,#1991,#1992);
#1684=AXIS2_PLACEMENT_3D('',#2524,#1994,#1995);
#1685=AXIS2_PLACEMENT_3D('',#2526,#1997,#1998);
#1686=AXIS2_PLACEMENT_3D('',#2527,#1999,#2000);
#1687=AXIS2_PLACEMENT_3D('',#2529,#2002,#2003);
#1688=AXIS2_PLACEMENT_3D('',#2531,#2005,#2006);
#1689=AXIS2_PLACEMENT_3D('',#2533,#2008,#2009);
#1690=AXIS2_PLACEMENT_3D('',#2535,#2011,#2012);
#1691=AXIS2_PLACEMENT_3D('',#2538,#2015,#2016);
#1692=AXIS2_PLACEMENT_3D('',#2541,#2019,#2020);
#1693=AXIS2_PLACEMENT_3D('',#2543,#2022,#2023);
#1694=AXIS2_PLACEMENT_3D('',#2544,#2024,#2025);
#1695=AXIS2_PLACEMENT_3D('',#2545,#2026,#2027);
#1696=AXIS2_PLACEMENT_3D('',#2548,#2030,#2031);
#1697=AXIS2_PLACEMENT_3D('',#2549,#2032,#2033);
#1698=AXIS2_PLACEMENT_3D('',#2551,#2035,#2036);
#1699=AXIS2_PLACEMENT_3D('',#2552,#2037,#2038);
#1700=AXIS2_PLACEMENT_3D('',#2555,#2041,#2042);
#1701=AXIS2_PLACEMENT_3D('',#2557,#2044,#2045);
#1702=AXIS2_PLACEMENT_3D('',#2559,#2047,#2048);
#1703=AXIS2_PLACEMENT_3D('',#2561,#2050,#2051);
#1704=AXIS2_PLACEMENT_3D('',#2563,#2053,#2054);
#1705=AXIS2_PLACEMENT_3D('',#2565,#2056,#2057);
#1706=AXIS2_PLACEMENT_3D('',#2567,#2059,#2060);
#1707=AXIS2_PLACEMENT_3D('',#2568,#2061,#2062);
#1708=AXIS2_PLACEMENT_3D('',#2571,#2065,#2066);
#1709=AXIS2_PLACEMENT_3D('',#2573,#2068,#2069);
#1710=AXIS2_PLACEMENT_3D('',#2575,#2071,#2072);
#1711=AXIS2_PLACEMENT_3D('',#2577,#2074,#2075);
#1712=AXIS2_PLACEMENT_3D('',#2579,#2077,#2078);
#1713=AXIS2_PLACEMENT_3D('',#2581,#2080,#2081);
#1714=AXIS2_PLACEMENT_3D('',#2583,#2083,#2084);
#1715=AXIS2_PLACEMENT_3D('',#2584,#2085,#2086);
#1716=AXIS2_PLACEMENT_3D('',#2587,#2089,#2090);
#1717=AXIS2_PLACEMENT_3D('',#2589,#2092,#2093);
#1718=AXIS2_PLACEMENT_3D('',#2591,#2095,#2096);
#1719=AXIS2_PLACEMENT_3D('',#2593,#2098,#2099);
#1720=AXIS2_PLACEMENT_3D('',#2595,#2101,#2102);
#1721=AXIS2_PLACEMENT_3D('',#2597,#2104,#2105);
#1722=AXIS2_PLACEMENT_3D('',#2599,#2107,#2108);
#1723=AXIS2_PLACEMENT_3D('',#2600,#2109,#2110);
#1724=AXIS2_PLACEMENT_3D('',#2603,#2113,#2114);
#1725=AXIS2_PLACEMENT_3D('',#2605,#2116,#2117);
#1726=AXIS2_PLACEMENT_3D('',#2607,#2119,#2120);
#1727=AXIS2_PLACEMENT_3D('',#2609,#2122,#2123);
#1728=AXIS2_PLACEMENT_3D('',#2611,#2125,#2126);
#1729=AXIS2_PLACEMENT_3D('',#2613,#2128,#2129);
#1730=AXIS2_PLACEMENT_3D('',#2615,#2131,#2132);
#1731=AXIS2_PLACEMENT_3D('',#2616,#2133,#2134);
#1732=AXIS2_PLACEMENT_3D('',#2619,#2137,#2138);
#1733=AXIS2_PLACEMENT_3D('',#2621,#2140,#2141);
#1734=AXIS2_PLACEMENT_3D('',#2623,#2143,#2144);
#1735=AXIS2_PLACEMENT_3D('',#2625,#2146,#2147);
#1736=AXIS2_PLACEMENT_3D('',#2627,#2149,#2150);
#1737=AXIS2_PLACEMENT_3D('',#2629,#2152,#2153);
#1738=AXIS2_PLACEMENT_3D('',#2631,#2155,#2156);
#1739=AXIS2_PLACEMENT_3D('',#2632,#2157,#2158);
#1740=AXIS2_PLACEMENT_3D('',#2635,#2161,#2162);
#1741=AXIS2_PLACEMENT_3D('',#2637,#2164,#2165);
#1742=AXIS2_PLACEMENT_3D('',#2639,#2167,#2168);
#1743=AXIS2_PLACEMENT_3D('',#2641,#2170,#2171);
#1744=AXIS2_PLACEMENT_3D('',#2643,#2173,#2174);
#1745=AXIS2_PLACEMENT_3D('',#2645,#2176,#2177);
#1746=AXIS2_PLACEMENT_3D('',#2647,#2179,#2180);
#1747=AXIS2_PLACEMENT_3D('',#2648,#2181,#2182);
#1748=AXIS2_PLACEMENT_3D('',#2651,#2185,#2186);
#1749=AXIS2_PLACEMENT_3D('',#2653,#2188,#2189);
#1750=AXIS2_PLACEMENT_3D('',#2655,#2191,#2192);
#1751=AXIS2_PLACEMENT_3D('',#2657,#2194,#2195);
#1752=AXIS2_PLACEMENT_3D('',#2659,#2197,#2198);
#1753=AXIS2_PLACEMENT_3D('',#2661,#2200,#2201);
#1754=AXIS2_PLACEMENT_3D('',#2663,#2203,#2204);
#1755=DIRECTION('axis',(0.,0.,1.));
#1756=DIRECTION('refdir',(1.,0.,0.));
#1757=DIRECTION('center_axis',(-0.707106781186546,0.707106781186549,0.));
#1758=DIRECTION('ref_axis',(0.,0.,1.));
#1759=DIRECTION('',(0.707106781186549,0.707106781186546,0.));
#1760=DIRECTION('',(0.,0.,-1.));
#1761=DIRECTION('',(-0.707106781186549,-0.707106781186546,0.));
#1762=DIRECTION('',(0.,0.,1.));
#1763=DIRECTION('center_axis',(-1.,0.,0.));
#1764=DIRECTION('ref_axis',(0.,-1.,0.));
#1765=DIRECTION('',(0.,-1.,0.));
#1766=DIRECTION('',(0.,0.,-1.));
#1767=DIRECTION('',(0.,-1.,0.));
#1768=DIRECTION('center_axis',(0.,0.,1.));
#1769=DIRECTION('ref_axis',(1.,0.,0.));
#1770=DIRECTION('',(-1.,0.,0.));
#1771=DIRECTION('',(0.,-1.,0.));
#1772=DIRECTION('',(-1.,0.,0.));
#1773=DIRECTION('',(0.,-1.,0.));
#1774=DIRECTION('',(1.,0.,0.));
#1775=DIRECTION('',(0.,1.,0.));
#1776=DIRECTION('',(-1.,0.,0.));
#1777=DIRECTION('',(0.,1.,0.));
#1778=DIRECTION('',(-1.,0.,0.));
#1779=DIRECTION('',(-0.707106781186548,0.707106781186548,0.));
#1780=DIRECTION('',(0.,1.,0.));
#1781=DIRECTION('',(0.707106781186546,0.707106781186549,0.));
#1782=DIRECTION('',(1.,0.,0.));
#1783=DIRECTION('',(0.707106781186547,-0.707106781186548,0.));
#1784=DIRECTION('center_axis',(0.,0.,1.));
#1785=DIRECTION('ref_axis',(-1.,0.,0.));
#1786=DIRECTION('center_axis',(0.,0.,1.));
#1787=DIRECTION('ref_axis',(-1.,0.,0.));
#1788=DIRECTION('center_axis',(0.,0.,1.));
#1789=DIRECTION('ref_axis',(-1.,0.,0.));
#1790=DIRECTION('center_axis',(0.,0.,1.));
#1791=DIRECTION('ref_axis',(-1.,0.,0.));
#1792=DIRECTION('',(0.,-1.,0.));
#1793=DIRECTION('center_axis',(0.,0.,1.));
#1794=DIRECTION('ref_axis',(-1.,0.,0.));
#1795=DIRECTION('',(1.,0.,0.));
#1796=DIRECTION('center_axis',(0.,0.,1.));
#1797=DIRECTION('ref_axis',(0.,-1.,0.));
#1798=DIRECTION('',(0.,1.,0.));
#1799=DIRECTION('center_axis',(0.,0.,1.));
#1800=DIRECTION('ref_axis',(1.,0.,0.));
#1801=DIRECTION('',(-1.,0.,0.));
#1802=DIRECTION('center_axis',(0.,0.,1.));
#1803=DIRECTION('ref_axis',(0.,1.,0.));
#1804=DIRECTION('',(0.,-1.,0.));
#1805=DIRECTION('center_axis',(0.,0.,1.));
#1806=DIRECTION('ref_axis',(-1.,0.,0.));
#1807=DIRECTION('',(1.,0.,0.));
#1808=DIRECTION('center_axis',(0.,0.,1.));
#1809=DIRECTION('ref_axis',(0.,-1.,0.));
#1810=DIRECTION('',(0.,1.,0.));
#1811=DIRECTION('center_axis',(0.,0.,1.));
#1812=DIRECTION('ref_axis',(1.,0.,0.));
#1813=DIRECTION('',(-1.,0.,0.));
#1814=DIRECTION('center_axis',(0.,0.,1.));
#1815=DIRECTION('ref_axis',(0.,1.,0.));
#1816=DIRECTION('',(0.,-1.,0.));
#1817=DIRECTION('center_axis',(0.,0.,1.));
#1818=DIRECTION('ref_axis',(-1.,0.,0.));
#1819=DIRECTION('',(1.,-3.41607084500048E-16,0.));
#1820=DIRECTION('center_axis',(0.,0.,1.));
#1821=DIRECTION('ref_axis',(0.,-1.,0.));
#1822=DIRECTION('',(0.,1.,0.));
#1823=DIRECTION('center_axis',(0.,0.,1.));
#1824=DIRECTION('ref_axis',(1.,0.,0.));
#1825=DIRECTION('',(-1.,0.,0.));
#1826=DIRECTION('center_axis',(0.,0.,1.));
#1827=DIRECTION('ref_axis',(0.,1.,0.));
#1828=DIRECTION('',(0.,-1.,0.));
#1829=DIRECTION('center_axis',(0.,0.,1.));
#1830=DIRECTION('ref_axis',(-1.,0.,0.));
#1831=DIRECTION('',(1.,0.,0.));
#1832=DIRECTION('center_axis',(0.,0.,1.));
#1833=DIRECTION('ref_axis',(0.,-1.,0.));
#1834=DIRECTION('',(0.,1.,0.));
#1835=DIRECTION('center_axis',(0.,0.,1.));
#1836=DIRECTION('ref_axis',(1.,0.,0.));
#1837=DIRECTION('',(-1.,0.,0.));
#1838=DIRECTION('center_axis',(0.,0.,1.));
#1839=DIRECTION('ref_axis',(0.,1.,0.));
#1840=DIRECTION('',(0.,-1.,0.));
#1841=DIRECTION('center_axis',(0.,0.,1.));
#1842=DIRECTION('ref_axis',(-1.,0.,0.));
#1843=DIRECTION('',(1.,0.,0.));
#1844=DIRECTION('center_axis',(0.,0.,1.));
#1845=DIRECTION('ref_axis',(0.,-1.,0.));
#1846=DIRECTION('',(-3.41607084500048E-16,1.,0.));
#1847=DIRECTION('center_axis',(0.,0.,1.));
#1848=DIRECTION('ref_axis',(1.,0.,0.));
#1849=DIRECTION('',(-1.,0.,0.));
#1850=DIRECTION('center_axis',(0.,0.,1.));
#1851=DIRECTION('ref_axis',(0.,1.,0.));
#1852=DIRECTION('',(0.,-1.,0.));
#1853=DIRECTION('center_axis',(0.,0.,1.));
#1854=DIRECTION('ref_axis',(-1.,0.,0.));
#1855=DIRECTION('',(1.,0.,0.));
#1856=DIRECTION('center_axis',(0.,0.,1.));
#1857=DIRECTION('ref_axis',(0.,-1.,0.));
#1858=DIRECTION('',(0.,1.,0.));
#1859=DIRECTION('center_axis',(0.,0.,1.));
#1860=DIRECTION('ref_axis',(1.,0.,0.));
#1861=DIRECTION('',(-1.,0.,0.));
#1862=DIRECTION('center_axis',(0.,0.,1.));
#1863=DIRECTION('ref_axis',(0.,1.,0.));
#1864=DIRECTION('',(0.,-1.,0.));
#1865=DIRECTION('center_axis',(0.,0.,1.));
#1866=DIRECTION('ref_axis',(-1.,0.,0.));
#1867=DIRECTION('',(1.,0.,0.));
#1868=DIRECTION('center_axis',(0.,0.,1.));
#1869=DIRECTION('ref_axis',(0.,-1.,0.));
#1870=DIRECTION('',(0.,1.,0.));
#1871=DIRECTION('center_axis',(0.,0.,1.));
#1872=DIRECTION('ref_axis',(1.,0.,0.));
#1873=DIRECTION('',(-1.,0.,0.));
#1874=DIRECTION('center_axis',(0.,0.,1.));
#1875=DIRECTION('ref_axis',(0.,1.,0.));
#1876=DIRECTION('center_axis',(0.707106781186548,0.707106781186548,0.));
#1877=DIRECTION('ref_axis',(0.,0.,-1.));
#1878=DIRECTION('',(0.707106781186548,-0.707106781186548,0.));
#1879=DIRECTION('',(0.,0.,-1.));
#1880=DIRECTION('',(0.,0.,1.));
#1881=DIRECTION('center_axis',(1.,0.,0.));
#1882=DIRECTION('ref_axis',(0.,1.,0.));
#1883=DIRECTION('',(0.,1.,0.));
#1884=DIRECTION('',(0.,0.,1.));
#1885=DIRECTION('center_axis',(0.,0.,1.));
#1886=DIRECTION('ref_axis',(1.,0.,0.));
#1887=DIRECTION('',(-0.707106781186547,0.707106781186548,0.));
#1888=DIRECTION('',(1.,0.,0.));
#1889=DIRECTION('',(-0.707106781186546,-0.707106781186549,0.));
#1890=DIRECTION('',(-1.,0.,0.));
#1891=DIRECTION('',(0.,-1.,0.));
#1892=DIRECTION('',(1.,0.,0.));
#1893=DIRECTION('',(0.,-1.,0.));
#1894=DIRECTION('',(-1.,0.,0.));
#1895=DIRECTION('',(0.,1.,0.));
#1896=DIRECTION('',(1.,0.,0.));
#1897=DIRECTION('',(0.,1.,0.));
#1898=DIRECTION('',(-1.,0.,0.));
#1899=DIRECTION('center_axis',(0.,0.,-1.));
#1900=DIRECTION('ref_axis',(-1.,0.,0.));
#1901=DIRECTION('center_axis',(0.,0.,-1.));
#1902=DIRECTION('ref_axis',(-1.,0.,0.));
#1903=DIRECTION('center_axis',(0.,0.,-1.));
#1904=DIRECTION('ref_axis',(-1.,0.,0.));
#1905=DIRECTION('center_axis',(0.,0.,-1.));
#1906=DIRECTION('ref_axis',(-1.,0.,0.));
#1907=DIRECTION('',(0.,1.,0.));
#1908=DIRECTION('center_axis',(0.,0.,-1.));
#1909=DIRECTION('ref_axis',(0.,1.,0.));
#1910=DIRECTION('',(1.,0.,0.));
#1911=DIRECTION('center_axis',(0.,0.,-1.));
#1912=DIRECTION('ref_axis',(1.,0.,0.));
#1913=DIRECTION('',(0.,-1.,0.));
#1914=DIRECTION('center_axis',(0.,0.,-1.));
#1915=DIRECTION('ref_axis',(0.,-1.,0.));
#1916=DIRECTION('',(-1.,0.,0.));
#1917=DIRECTION('center_axis',(0.,0.,-1.));
#1918=DIRECTION('ref_axis',(-1.,0.,0.));
#1919=DIRECTION('',(0.,1.,0.));
#1920=DIRECTION('center_axis',(0.,0.,-1.));
#1921=DIRECTION('ref_axis',(0.,1.,0.));
#1922=DIRECTION('',(1.,0.,0.));
#1923=DIRECTION('center_axis',(0.,0.,-1.));
#1924=DIRECTION('ref_axis',(1.,0.,0.));
#1925=DIRECTION('',(0.,-1.,0.));
#1926=DIRECTION('center_axis',(0.,0.,-1.));
#1927=DIRECTION('ref_axis',(0.,-1.,0.));
#1928=DIRECTION('',(-1.,0.,0.));
#1929=DIRECTION('center_axis',(0.,0.,-1.));
#1930=DIRECTION('ref_axis',(-1.,0.,0.));
#1931=DIRECTION('',(0.,1.,0.));
#1932=DIRECTION('center_axis',(0.,0.,-1.));
#1933=DIRECTION('ref_axis',(0.,1.,0.));
#1934=DIRECTION('',(1.,0.,0.));
#1935=DIRECTION('center_axis',(0.,0.,-1.));
#1936=DIRECTION('ref_axis',(1.,0.,0.));
#1937=DIRECTION('',(0.,-1.,0.));
#1938=DIRECTION('center_axis',(0.,0.,-1.));
#1939=DIRECTION('ref_axis',(0.,-1.,0.));
#1940=DIRECTION('',(-1.,3.41607084500048E-16,0.));
#1941=DIRECTION('center_axis',(0.,0.,-1.));
#1942=DIRECTION('ref_axis',(-1.,0.,0.));
#1943=DIRECTION('',(0.,1.,0.));
#1944=DIRECTION('center_axis',(0.,0.,-1.));
#1945=DIRECTION('ref_axis',(0.,1.,0.));
#1946=DIRECTION('',(1.,0.,0.));
#1947=DIRECTION('center_axis',(0.,0.,-1.));
#1948=DIRECTION('ref_axis',(1.,0.,0.));
#1949=DIRECTION('',(0.,-1.,0.));
#1950=DIRECTION('center_axis',(0.,0.,-1.));
#1951=DIRECTION('ref_axis',(0.,-1.,0.));
#1952=DIRECTION('',(-1.,0.,0.));
#1953=DIRECTION('center_axis',(0.,0.,-1.));
#1954=DIRECTION('ref_axis',(-1.,0.,0.));
#1955=DIRECTION('',(0.,1.,0.));
#1956=DIRECTION('center_axis',(0.,0.,-1.));
#1957=DIRECTION('ref_axis',(0.,1.,0.));
#1958=DIRECTION('',(1.,0.,0.));
#1959=DIRECTION('center_axis',(0.,0.,-1.));
#1960=DIRECTION('ref_axis',(1.,0.,0.));
#1961=DIRECTION('',(3.41607084500048E-16,-1.,0.));
#1962=DIRECTION('center_axis',(0.,0.,-1.));
#1963=DIRECTION('ref_axis',(0.,-1.,0.));
#1964=DIRECTION('',(-1.,0.,0.));
#1965=DIRECTION('center_axis',(0.,0.,-1.));
#1966=DIRECTION('ref_axis',(-1.,0.,0.));
#1967=DIRECTION('',(0.,1.,0.));
#1968=DIRECTION('center_axis',(0.,0.,-1.));
#1969=DIRECTION('ref_axis',(0.,1.,0.));
#1970=DIRECTION('',(1.,0.,0.));
#1971=DIRECTION('center_axis',(0.,0.,-1.));
#1972=DIRECTION('ref_axis',(1.,0.,0.));
#1973=DIRECTION('',(0.,-1.,0.));
#1974=DIRECTION('center_axis',(0.,0.,-1.));
#1975=DIRECTION('ref_axis',(0.,-1.,0.));
#1976=DIRECTION('',(-1.,0.,0.));
#1977=DIRECTION('center_axis',(0.,0.,-1.));
#1978=DIRECTION('ref_axis',(-1.,0.,0.));
#1979=DIRECTION('',(0.,1.,0.));
#1980=DIRECTION('center_axis',(0.,0.,-1.));
#1981=DIRECTION('ref_axis',(0.,1.,0.));
#1982=DIRECTION('',(1.,0.,0.));
#1983=DIRECTION('center_axis',(0.,0.,-1.));
#1984=DIRECTION('ref_axis',(1.,0.,0.));
#1985=DIRECTION('',(0.,-1.,0.));
#1986=DIRECTION('center_axis',(0.,0.,-1.));
#1987=DIRECTION('ref_axis',(0.,-1.,0.));
#1988=DIRECTION('',(-1.,0.,0.));
#1989=DIRECTION('center_axis',(0.,0.,-1.));
#1990=DIRECTION('ref_axis',(-1.,0.,0.));
#1991=DIRECTION('center_axis',(0.707106781186549,-0.707106781186546,0.));
#1992=DIRECTION('ref_axis',(0.,0.,-1.));
#1993=DIRECTION('',(0.,0.,-1.));
#1994=DIRECTION('center_axis',(0.,-1.,0.));
#1995=DIRECTION('ref_axis',(1.,0.,0.));
#1996=DIRECTION('',(0.,0.,1.));
#1997=DIRECTION('center_axis',(-0.707106781186548,-0.707106781186547,0.));
#1998=DIRECTION('ref_axis',(0.,0.,1.));
#1999=DIRECTION('center_axis',(0.,0.,-1.));
#2000=DIRECTION('ref_axis',(-1.,0.,0.));
#2001=DIRECTION('',(0.,0.,-1.));
#2002=DIRECTION('center_axis',(0.,0.,-1.));
#2003=DIRECTION('ref_axis',(-1.,0.,0.));
#2004=DIRECTION('',(0.,0.,-1.));
#2005=DIRECTION('center_axis',(0.,0.,-1.));
#2006=DIRECTION('ref_axis',(-1.,0.,0.));
#2007=DIRECTION('',(0.,0.,-1.));
#2008=DIRECTION('center_axis',(0.,0.,-1.));
#2009=DIRECTION('ref_axis',(-1.,0.,0.));
#2010=DIRECTION('',(0.,0.,-1.));
#2011=DIRECTION('center_axis',(-1.,0.,0.));
#2012=DIRECTION('ref_axis',(0.,0.,-1.));
#2013=DIRECTION('',(0.,0.,-1.));
#2014=DIRECTION('',(0.,0.,1.));
#2015=DIRECTION('center_axis',(1.,0.,0.));
#2016=DIRECTION('ref_axis',(0.,0.,1.));
#2017=DIRECTION('',(0.,0.,1.));
#2018=DIRECTION('',(0.,0.,-1.));
#2019=DIRECTION('center_axis',(0.,1.,0.));
#2020=DIRECTION('ref_axis',(1.,0.,0.));
#2021=DIRECTION('',(0.,0.,-1.));
#2022=DIRECTION('center_axis',(0.,1.,0.));
#2023=DIRECTION('ref_axis',(-1.,0.,0.));
#2024=DIRECTION('center_axis',(0.,1.,0.));
#2025=DIRECTION('ref_axis',(-1.,0.,0.));
#2026=DIRECTION('center_axis',(0.,-1.,0.));
#2027=DIRECTION('ref_axis',(-1.,0.,0.));
#2028=DIRECTION('',(0.,0.,-1.));
#2029=DIRECTION('',(0.,0.,-1.));
#2030=DIRECTION('center_axis',(1.,0.,0.));
#2031=DIRECTION('ref_axis',(0.,-1.,0.));
#2032=DIRECTION('center_axis',(0.,1.,0.));
#2033=DIRECTION('ref_axis',(1.,0.,0.));
#2034=DIRECTION('',(0.,0.,-1.));
#2035=DIRECTION('center_axis',(-1.,0.,0.));
#2036=DIRECTION('ref_axis',(0.,1.,0.));
#2037=DIRECTION('center_axis',(1.,0.,0.));
#2038=DIRECTION('ref_axis',(0.,-1.,0.));
#2039=DIRECTION('',(0.,0.,-1.));
#2040=DIRECTION('',(0.,0.,-1.));
#2041=DIRECTION('center_axis',(0.,0.,-1.));
#2042=DIRECTION('ref_axis',(0.,-1.,0.));
#2043=DIRECTION('',(0.,0.,-1.));
#2044=DIRECTION('center_axis',(0.,-1.,0.));
#2045=DIRECTION('ref_axis',(-1.,0.,0.));
#2046=DIRECTION('',(0.,0.,-1.));
#2047=DIRECTION('center_axis',(0.,0.,-1.));
#2048=DIRECTION('ref_axis',(-1.,0.,0.));
#2049=DIRECTION('',(0.,0.,-1.));
#2050=DIRECTION('center_axis',(-1.,0.,0.));
#2051=DIRECTION('ref_axis',(0.,1.,0.));
#2052=DIRECTION('',(0.,0.,-1.));
#2053=DIRECTION('center_axis',(0.,0.,-1.));
#2054=DIRECTION('ref_axis',(1.,0.,0.));
#2055=DIRECTION('',(0.,0.,-1.));
#2056=DIRECTION('center_axis',(0.,1.,0.));
#2057=DIRECTION('ref_axis',(1.,0.,0.));
#2058=DIRECTION('',(0.,0.,-1.));
#2059=DIRECTION('center_axis',(0.,0.,-1.));
#2060=DIRECTION('ref_axis',(0.,1.,0.));
#2061=DIRECTION('center_axis',(1.,0.,0.));
#2062=DIRECTION('ref_axis',(0.,-1.,0.));
#2063=DIRECTION('',(0.,0.,-1.));
#2064=DIRECTION('',(0.,0.,-1.));
#2065=DIRECTION('center_axis',(0.,0.,-1.));
#2066=DIRECTION('ref_axis',(0.,-1.,0.));
#2067=DIRECTION('',(0.,0.,-1.));
#2068=DIRECTION('center_axis',(0.,-1.,0.));
#2069=DIRECTION('ref_axis',(-1.,0.,0.));
#2070=DIRECTION('',(0.,0.,-1.));
#2071=DIRECTION('center_axis',(0.,0.,-1.));
#2072=DIRECTION('ref_axis',(-1.,0.,0.));
#2073=DIRECTION('',(0.,0.,-1.));
#2074=DIRECTION('center_axis',(-1.,0.,0.));
#2075=DIRECTION('ref_axis',(0.,1.,0.));
#2076=DIRECTION('',(0.,0.,-1.));
#2077=DIRECTION('center_axis',(0.,0.,-1.));
#2078=DIRECTION('ref_axis',(1.,0.,0.));
#2079=DIRECTION('',(0.,0.,-1.));
#2080=DIRECTION('center_axis',(0.,1.,0.));
#2081=DIRECTION('ref_axis',(1.,0.,0.));
#2082=DIRECTION('',(0.,0.,-1.));
#2083=DIRECTION('center_axis',(0.,0.,-1.));
#2084=DIRECTION('ref_axis',(0.,1.,0.));
#2085=DIRECTION('center_axis',(1.,3.41607084500048E-16,0.));
#2086=DIRECTION('ref_axis',(3.41607084500048E-16,-1.,0.));
#2087=DIRECTION('',(0.,0.,-1.));
#2088=DIRECTION('',(0.,0.,-1.));
#2089=DIRECTION('center_axis',(0.,0.,-1.));
#2090=DIRECTION('ref_axis',(0.,-1.,0.));
#2091=DIRECTION('',(0.,0.,-1.));
#2092=DIRECTION('center_axis',(0.,-1.,0.));
#2093=DIRECTION('ref_axis',(-1.,0.,0.));
#2094=DIRECTION('',(0.,0.,-1.));
#2095=DIRECTION('center_axis',(0.,0.,-1.));
#2096=DIRECTION('ref_axis',(-1.,0.,0.));
#2097=DIRECTION('',(0.,0.,-1.));
#2098=DIRECTION('center_axis',(-1.,0.,0.));
#2099=DIRECTION('ref_axis',(0.,1.,0.));
#2100=DIRECTION('',(0.,0.,-1.));
#2101=DIRECTION('center_axis',(0.,0.,-1.));
#2102=DIRECTION('ref_axis',(1.,0.,0.));
#2103=DIRECTION('',(0.,0.,-1.));
#2104=DIRECTION('center_axis',(0.,1.,0.));
#2105=DIRECTION('ref_axis',(1.,0.,0.));
#2106=DIRECTION('',(0.,0.,-1.));
#2107=DIRECTION('center_axis',(0.,0.,-1.));
#2108=DIRECTION('ref_axis',(0.,1.,0.));
#2109=DIRECTION('center_axis',(1.,0.,0.));
#2110=DIRECTION('ref_axis',(0.,-1.,0.));
#2111=DIRECTION('',(0.,0.,-1.));
#2112=DIRECTION('',(0.,0.,-1.));
#2113=DIRECTION('center_axis',(0.,0.,-1.));
#2114=DIRECTION('ref_axis',(0.,-1.,0.));
#2115=DIRECTION('',(0.,0.,-1.));
#2116=DIRECTION('center_axis',(0.,-1.,0.));
#2117=DIRECTION('ref_axis',(-1.,0.,0.));
#2118=DIRECTION('',(0.,0.,-1.));
#2119=DIRECTION('center_axis',(0.,0.,-1.));
#2120=DIRECTION('ref_axis',(-1.,0.,0.));
#2121=DIRECTION('',(0.,0.,-1.));
#2122=DIRECTION('center_axis',(-1.,0.,0.));
#2123=DIRECTION('ref_axis',(0.,1.,0.));
#2124=DIRECTION('',(0.,0.,-1.));
#2125=DIRECTION('center_axis',(0.,0.,-1.));
#2126=DIRECTION('ref_axis',(1.,0.,0.));
#2127=DIRECTION('',(0.,0.,-1.));
#2128=DIRECTION('center_axis',(0.,1.,0.));
#2129=DIRECTION('ref_axis',(1.,0.,0.));
#2130=DIRECTION('',(0.,0.,-1.));
#2131=DIRECTION('center_axis',(0.,0.,-1.));
#2132=DIRECTION('ref_axis',(0.,1.,0.));
#2133=DIRECTION('center_axis',(1.,0.,0.));
#2134=DIRECTION('ref_axis',(0.,-1.,0.));
#2135=DIRECTION('',(0.,0.,-1.));
#2136=DIRECTION('',(0.,0.,-1.));
#2137=DIRECTION('center_axis',(0.,0.,-1.));
#2138=DIRECTION('ref_axis',(0.,-1.,0.));
#2139=DIRECTION('',(0.,0.,-1.));
#2140=DIRECTION('center_axis',(-3.41607084500048E-16,-1.,0.));
#2141=DIRECTION('ref_axis',(-1.,3.41607084500048E-16,0.));
#2142=DIRECTION('',(0.,0.,-1.));
#2143=DIRECTION('center_axis',(0.,0.,-1.));
#2144=DIRECTION('ref_axis',(-1.,0.,0.));
#2145=DIRECTION('',(0.,0.,-1.));
#2146=DIRECTION('center_axis',(-1.,0.,0.));
#2147=DIRECTION('ref_axis',(0.,1.,0.));
#2148=DIRECTION('',(0.,0.,-1.));
#2149=DIRECTION('center_axis',(0.,0.,-1.));
#2150=DIRECTION('ref_axis',(1.,0.,0.));
#2151=DIRECTION('',(0.,0.,-1.));
#2152=DIRECTION('center_axis',(0.,1.,0.));
#2153=DIRECTION('ref_axis',(1.,0.,0.));
#2154=DIRECTION('',(0.,0.,-1.));
#2155=DIRECTION('center_axis',(0.,0.,-1.));
#2156=DIRECTION('ref_axis',(0.,1.,0.));
#2157=DIRECTION('center_axis',(1.,0.,0.));
#2158=DIRECTION('ref_axis',(0.,-1.,0.));
#2159=DIRECTION('',(0.,0.,-1.));
#2160=DIRECTION('',(0.,0.,-1.));
#2161=DIRECTION('center_axis',(0.,0.,-1.));
#2162=DIRECTION('ref_axis',(0.,-1.,0.));
#2163=DIRECTION('',(0.,0.,-1.));
#2164=DIRECTION('center_axis',(0.,-1.,0.));
#2165=DIRECTION('ref_axis',(-1.,0.,0.));
#2166=DIRECTION('',(0.,0.,-1.));
#2167=DIRECTION('center_axis',(0.,0.,-1.));
#2168=DIRECTION('ref_axis',(-1.,0.,0.));
#2169=DIRECTION('',(0.,0.,-1.));
#2170=DIRECTION('center_axis',(-1.,0.,0.));
#2171=DIRECTION('ref_axis',(0.,1.,0.));
#2172=DIRECTION('',(0.,0.,-1.));
#2173=DIRECTION('center_axis',(0.,0.,-1.));
#2174=DIRECTION('ref_axis',(1.,0.,0.));
#2175=DIRECTION('',(0.,0.,-1.));
#2176=DIRECTION('center_axis',(0.,1.,0.));
#2177=DIRECTION('ref_axis',(1.,0.,0.));
#2178=DIRECTION('',(0.,0.,-1.));
#2179=DIRECTION('center_axis',(0.,0.,-1.));
#2180=DIRECTION('ref_axis',(0.,1.,0.));
#2181=DIRECTION('center_axis',(1.,0.,0.));
#2182=DIRECTION('ref_axis',(0.,-1.,0.));
#2183=DIRECTION('',(0.,0.,-1.));
#2184=DIRECTION('',(0.,0.,-1.));
#2185=DIRECTION('center_axis',(0.,0.,-1.));
#2186=DIRECTION('ref_axis',(0.,-1.,0.));
#2187=DIRECTION('',(0.,0.,-1.));
#2188=DIRECTION('center_axis',(0.,-1.,0.));
#2189=DIRECTION('ref_axis',(-1.,0.,0.));
#2190=DIRECTION('',(0.,0.,-1.));
#2191=DIRECTION('center_axis',(0.,0.,-1.));
#2192=DIRECTION('ref_axis',(-1.,0.,0.));
#2193=DIRECTION('',(0.,0.,-1.));
#2194=DIRECTION('center_axis',(-1.,0.,0.));
#2195=DIRECTION('ref_axis',(0.,1.,0.));
#2196=DIRECTION('',(0.,0.,-1.));
#2197=DIRECTION('center_axis',(0.,0.,-1.));
#2198=DIRECTION('ref_axis',(1.,0.,0.));
#2199=DIRECTION('',(0.,0.,-1.));
#2200=DIRECTION('center_axis',(0.,1.,0.));
#2201=DIRECTION('ref_axis',(1.,0.,0.));
#2202=DIRECTION('',(0.,0.,-1.));
#2203=DIRECTION('center_axis',(0.,0.,-1.));
#2204=DIRECTION('ref_axis',(0.,1.,0.));
#2205=CARTESIAN_POINT('',(0.,0.,0.));
#2206=CARTESIAN_POINT('Origin',(1.,108.,6.5));
#2207=CARTESIAN_POINT('',(0.,107.,9.5));
#2208=CARTESIAN_POINT('',(1.99999999999999,109.,9.5));
#2209=CARTESIAN_POINT('',(-1.62499999999996,105.375,9.5));
#2210=CARTESIAN_POINT('',(1.99999999999999,109.,6.5));
#2211=CARTESIAN_POINT('',(2.,109.,6.5));
#2212=CARTESIAN_POINT('',(0.,107.,6.5));
#2213=CARTESIAN_POINT('',(-1.62499999999996,105.375,6.5));
#2214=CARTESIAN_POINT('',(0.,107.,6.5));
#2215=CARTESIAN_POINT('Origin',(0.,109.,6.5));
#2216=CARTESIAN_POINT('',(0.,2.00000000000001,6.5));
#2217=CARTESIAN_POINT('',(0.,109.,6.5));
#2218=CARTESIAN_POINT('',(0.,2.00000000000001,9.5));
#2219=CARTESIAN_POINT('',(0.,2.,6.5));
#2220=CARTESIAN_POINT('',(0.,109.,9.5));
#2221=CARTESIAN_POINT('Origin',(44.,54.5,6.5));
#2222=CARTESIAN_POINT('',(16.811,109.,6.5));
#2223=CARTESIAN_POINT('',(88.,109.,6.5));
#2224=CARTESIAN_POINT('',(16.811,99.,6.5));
#2225=CARTESIAN_POINT('',(16.811,81.75,6.5));
#2226=CARTESIAN_POINT('',(10.,99.000001475215,6.5));
#2227=CARTESIAN_POINT('',(27.,99.000001475215,6.5));
#2228=CARTESIAN_POINT('',(10.,75.,6.5));
#2229=CARTESIAN_POINT('',(10.,64.75,6.5));
#2230=CARTESIAN_POINT('',(78.,75.,6.5));
#2231=CARTESIAN_POINT('',(61.,75.,6.5));
#2232=CARTESIAN_POINT('',(78.,99.000001475215,6.5));
#2233=CARTESIAN_POINT('',(78.,76.7500007376075,6.5));
#2234=CARTESIAN_POINT('',(28.811,99.,6.5));
#2235=CARTESIAN_POINT('',(27.,99.000001475215,6.5));
#2236=CARTESIAN_POINT('',(28.811,109.,6.5));
#2237=CARTESIAN_POINT('',(28.811,81.75,6.5));
#2238=CARTESIAN_POINT('',(86.,109.,6.5));
#2239=CARTESIAN_POINT('',(88.,109.,6.5));
#2240=CARTESIAN_POINT('',(88.,107.,6.5));
#2241=CARTESIAN_POINT('',(89.625,105.375,6.5));
#2242=CARTESIAN_POINT('',(88.,2.,6.5));
#2243=CARTESIAN_POINT('',(88.,0.,6.5));
#2244=CARTESIAN_POINT('',(86.,0.,6.5));
#2245=CARTESIAN_POINT('',(89.6250000000001,3.62500000000005,6.5));
#2246=CARTESIAN_POINT('',(2.,0.,6.5));
#2247=CARTESIAN_POINT('',(0.,0.,6.5));
#2248=CARTESIAN_POINT('',(-1.62500000000001,3.62500000000001,6.5));
#2249=CARTESIAN_POINT('',(84.4000012367964,104.000001549721,6.5));
#2250=CARTESIAN_POINT('Origin',(83.0000012367964,104.000001549721,6.5));
#2251=CARTESIAN_POINT('',(84.4000012367964,5.00000007450581,6.5));
#2252=CARTESIAN_POINT('Origin',(83.0000012367964,5.00000007450581,6.5));
#2253=CARTESIAN_POINT('',(6.40000007450581,104.000001549721,6.5));
#2254=CARTESIAN_POINT('Origin',(5.00000007450581,104.000001549721,6.5));
#2255=CARTESIAN_POINT('',(6.40000007450581,5.00000007450581,6.5));
#2256=CARTESIAN_POINT('Origin',(5.00000007450581,5.00000007450581,6.5));
#2257=CARTESIAN_POINT('',(19.9771789405286,29.865528986202,6.5));
#2258=CARTESIAN_POINT('',(19.9771789405286,16.865528986202,6.5));
#2259=CARTESIAN_POINT('',(19.9771789405286,35.682764493101,6.5));
#2260=CARTESIAN_POINT('',(20.4771789405287,16.365528986202,6.5));
#2261=CARTESIAN_POINT('Origin',(20.4771789405287,16.865528986202,6.5));
#2262=CARTESIAN_POINT('',(33.4771789405286,16.365528986202,6.5));
#2263=CARTESIAN_POINT('',(38.7385894702643,16.365528986202,6.5));
#2264=CARTESIAN_POINT('',(33.9771789405286,16.865528986202,6.5));
#2265=CARTESIAN_POINT('Origin',(33.4771789405286,16.865528986202,6.5));
#2266=CARTESIAN_POINT('',(33.9771789405286,29.865528986202,6.5));
#2267=CARTESIAN_POINT('',(33.9771789405286,42.182764493101,6.5));
#2268=CARTESIAN_POINT('',(33.4771789405286,30.365528986202,6.5));
#2269=CARTESIAN_POINT('Origin',(33.4771789405286,29.865528986202,6.5));
#2270=CARTESIAN_POINT('',(20.4771789405287,30.365528986202,6.5));
#2271=CARTESIAN_POINT('',(32.2385894702643,30.365528986202,6.5));
#2272=CARTESIAN_POINT('Origin',(20.4771789405287,29.865528986202,6.5));
#2273=CARTESIAN_POINT('',(58.0771789405286,29.865528986202,6.5));
#2274=CARTESIAN_POINT('',(58.0771789405286,16.865528986202,6.5));
#2275=CARTESIAN_POINT('',(58.0771789405287,35.682764493101,6.5));
#2276=CARTESIAN_POINT('',(58.5771789405286,16.365528986202,6.5));
#2277=CARTESIAN_POINT('Origin',(58.5771789405286,16.865528986202,6.5));
#2278=CARTESIAN_POINT('',(71.5771789405287,16.365528986202,6.5));
#2279=CARTESIAN_POINT('',(57.7885894702643,16.365528986202,6.5));
#2280=CARTESIAN_POINT('',(72.0771789405287,16.865528986202,6.5));
#2281=CARTESIAN_POINT('Origin',(71.5771789405287,16.865528986202,6.5));
#2282=CARTESIAN_POINT('',(72.0771789405287,29.865528986202,6.5));
#2283=CARTESIAN_POINT('',(72.0771789405286,42.182764493101,6.5));
#2284=CARTESIAN_POINT('',(71.5771789405287,30.365528986202,6.5));
#2285=CARTESIAN_POINT('Origin',(71.5771789405287,29.865528986202,6.5));
#2286=CARTESIAN_POINT('',(58.5771789405286,30.365528986202,6.5));
#2287=CARTESIAN_POINT('',(51.2885894702643,30.365528986202,6.5));
#2288=CARTESIAN_POINT('Origin',(58.5771789405286,29.865528986202,6.5));
#2289=CARTESIAN_POINT('',(58.0771789405286,48.915528986202,6.5));
#2290=CARTESIAN_POINT('',(58.0771789405286,35.915528986202,6.5));
#2291=CARTESIAN_POINT('',(58.0771789405287,45.207764493101,6.5));
#2292=CARTESIAN_POINT('',(58.5771789405286,35.415528986202,6.5));
#2293=CARTESIAN_POINT('Origin',(58.5771789405286,35.915528986202,6.5));
#2294=CARTESIAN_POINT('',(71.5771789405287,35.415528986202,6.5));
#2295=CARTESIAN_POINT('',(57.7885894702643,35.415528986202,6.5));
#2296=CARTESIAN_POINT('',(72.0771789405287,35.915528986202,6.5));
#2297=CARTESIAN_POINT('Origin',(71.5771789405287,35.915528986202,6.5));
#2298=CARTESIAN_POINT('',(72.0771789405287,48.915528986202,6.5));
#2299=CARTESIAN_POINT('',(72.0771789405286,51.707764493101,6.5));
#2300=CARTESIAN_POINT('',(71.5771789405287,49.415528986202,6.5));
#2301=CARTESIAN_POINT('Origin',(71.5771789405287,48.915528986202,6.5));
#2302=CARTESIAN_POINT('',(58.5771789405286,49.415528986202,6.5));
#2303=CARTESIAN_POINT('',(51.2885894702643,49.415528986202,6.5));
#2304=CARTESIAN_POINT('Origin',(58.5771789405286,48.915528986202,6.5));
#2305=CARTESIAN_POINT('',(19.9771789405286,48.915528986202,6.5));
#2306=CARTESIAN_POINT('',(19.9771789405286,35.915528986202,6.5));
#2307=CARTESIAN_POINT('',(19.9771789405286,45.207764493101,6.5));
#2308=CARTESIAN_POINT('',(20.4771789405287,35.415528986202,6.5));
#2309=CARTESIAN_POINT('Origin',(20.4771789405287,35.915528986202,6.5));
#2310=CARTESIAN_POINT('',(33.4771789405286,35.415528986202,6.5));
#2311=CARTESIAN_POINT('',(38.7385894702643,35.415528986202,6.5));
#2312=CARTESIAN_POINT('',(33.9771789405286,35.915528986202,6.5));
#2313=CARTESIAN_POINT('Origin',(33.4771789405286,35.915528986202,6.5));
#2314=CARTESIAN_POINT('',(33.9771789405286,48.915528986202,6.5));
#2315=CARTESIAN_POINT('',(33.9771789405286,51.707764493101,6.5));
#2316=CARTESIAN_POINT('',(33.4771789405286,49.415528986202,6.5));
#2317=CARTESIAN_POINT('Origin',(33.4771789405286,48.915528986202,6.5));
#2318=CARTESIAN_POINT('',(20.4771789405287,49.415528986202,6.5));
#2319=CARTESIAN_POINT('',(32.2385894702643,49.415528986202,6.5));
#2320=CARTESIAN_POINT('Origin',(20.4771789405287,48.915528986202,6.5));
#2321=CARTESIAN_POINT('',(39.0271789405286,29.865528986202,6.5));
#2322=CARTESIAN_POINT('',(39.0271789405286,16.865528986202,6.5));
#2323=CARTESIAN_POINT('',(39.0271789405286,35.682764493101,6.5));
#2324=CARTESIAN_POINT('',(39.5271789405286,16.365528986202,6.5));
#2325=CARTESIAN_POINT('Origin',(39.5271789405286,16.865528986202,6.5));
#2326=CARTESIAN_POINT('',(52.5271789405286,16.365528986202,6.5));
#2327=CARTESIAN_POINT('',(48.2635894702643,16.365528986202,6.5));
#2328=CARTESIAN_POINT('',(53.0271789405286,16.865528986202,6.5));
#2329=CARTESIAN_POINT('Origin',(52.5271789405286,16.865528986202,6.5));
#2330=CARTESIAN_POINT('',(53.0271789405286,29.865528986202,6.5));
#2331=CARTESIAN_POINT('',(53.0271789405286,42.182764493101,6.5));
#2332=CARTESIAN_POINT('',(52.5271789405286,30.365528986202,6.5));
#2333=CARTESIAN_POINT('Origin',(52.5271789405286,29.865528986202,6.5));
#2334=CARTESIAN_POINT('',(39.5271789405286,30.365528986202,6.5));
#2335=CARTESIAN_POINT('',(41.7635894702643,30.365528986202,6.5));
#2336=CARTESIAN_POINT('Origin',(39.5271789405286,29.865528986202,6.5));
#2337=CARTESIAN_POINT('',(58.0771789405286,67.965528986202,6.5));
#2338=CARTESIAN_POINT('',(58.0771789405286,54.965528986202,6.5));
#2339=CARTESIAN_POINT('',(58.0771789405287,54.732764493101,6.5));
#2340=CARTESIAN_POINT('',(58.5771789405286,54.465528986202,6.5));
#2341=CARTESIAN_POINT('Origin',(58.5771789405286,54.965528986202,6.5));
#2342=CARTESIAN_POINT('',(71.5771789405287,54.465528986202,6.5));
#2343=CARTESIAN_POINT('',(57.7885894702643,54.465528986202,6.5));
#2344=CARTESIAN_POINT('',(72.0771789405287,54.965528986202,6.5));
#2345=CARTESIAN_POINT('Origin',(71.5771789405287,54.965528986202,6.5));
#2346=CARTESIAN_POINT('',(72.0771789405287,67.965528986202,6.5));
#2347=CARTESIAN_POINT('',(72.0771789405286,61.232764493101,6.5));
#2348=CARTESIAN_POINT('',(71.5771789405287,68.465528986202,6.5));
#2349=CARTESIAN_POINT('Origin',(71.5771789405287,67.965528986202,6.5));
#2350=CARTESIAN_POINT('',(58.5771789405286,68.465528986202,6.5));
#2351=CARTESIAN_POINT('',(51.2885894702643,68.465528986202,6.5));
#2352=CARTESIAN_POINT('Origin',(58.5771789405286,67.965528986202,6.5));
#2353=CARTESIAN_POINT('',(39.0271789405286,48.915528986202,6.5));
#2354=CARTESIAN_POINT('',(39.0271789405286,35.915528986202,6.5));
#2355=CARTESIAN_POINT('',(39.0271789405286,45.207764493101,6.5));
#2356=CARTESIAN_POINT('',(39.5271789405286,35.415528986202,6.5));
#2357=CARTESIAN_POINT('Origin',(39.5271789405286,35.915528986202,6.5));
#2358=CARTESIAN_POINT('',(52.5271789405286,35.415528986202,6.5));
#2359=CARTESIAN_POINT('',(48.2635894702643,35.415528986202,6.5));
#2360=CARTESIAN_POINT('',(53.0271789405286,35.915528986202,6.5));
#2361=CARTESIAN_POINT('Origin',(52.5271789405286,35.915528986202,6.5));
#2362=CARTESIAN_POINT('',(53.0271789405286,48.915528986202,6.5));
#2363=CARTESIAN_POINT('',(53.0271789405286,51.707764493101,6.5));
#2364=CARTESIAN_POINT('',(52.5271789405286,49.415528986202,6.5));
#2365=CARTESIAN_POINT('Origin',(52.5271789405286,48.915528986202,6.5));
#2366=CARTESIAN_POINT('',(39.5271789405286,49.415528986202,6.5));
#2367=CARTESIAN_POINT('',(41.7635894702643,49.415528986202,6.5));
#2368=CARTESIAN_POINT('Origin',(39.5271789405286,48.915528986202,6.5));
#2369=CARTESIAN_POINT('Origin',(87.,108.,6.5));
#2370=CARTESIAN_POINT('',(86.,109.,9.5));
#2371=CARTESIAN_POINT('',(88.,107.,9.5));
#2372=CARTESIAN_POINT('',(89.625,105.375,9.5));
#2373=CARTESIAN_POINT('',(88.,107.,6.5));
#2374=CARTESIAN_POINT('',(86.,109.,6.5));
#2375=CARTESIAN_POINT('Origin',(88.,0.,6.5));
#2376=CARTESIAN_POINT('',(88.,2.,9.5));
#2377=CARTESIAN_POINT('',(88.,0.,9.5));
#2378=CARTESIAN_POINT('',(88.,2.,6.5));
#2379=CARTESIAN_POINT('Origin',(44.,54.5,9.5));
#2380=CARTESIAN_POINT('',(2.,0.,9.5));
#2381=CARTESIAN_POINT('',(-1.62500000000001,3.62500000000001,9.5));
#2382=CARTESIAN_POINT('',(86.,0.,9.5));
#2383=CARTESIAN_POINT('',(0.,0.,9.5));
#2384=CARTESIAN_POINT('',(89.6250000000001,3.62500000000005,9.5));
#2385=CARTESIAN_POINT('',(28.811,109.,9.5));
#2386=CARTESIAN_POINT('',(88.,109.,9.5));
#2387=CARTESIAN_POINT('',(28.811,99.,9.5));
#2388=CARTESIAN_POINT('',(28.811,81.75,9.5));
#2389=CARTESIAN_POINT('',(78.,99.000001475215,9.5));
#2390=CARTESIAN_POINT('',(27.,99.000001475215,9.5));
#2391=CARTESIAN_POINT('',(78.,75.,9.5));
#2392=CARTESIAN_POINT('',(78.,76.7500007376075,9.5));
#2393=CARTESIAN_POINT('',(10.,75.,9.5));
#2394=CARTESIAN_POINT('',(61.,75.,9.5));
#2395=CARTESIAN_POINT('',(10.,99.000001475215,9.5));
#2396=CARTESIAN_POINT('',(10.,64.75,9.5));
#2397=CARTESIAN_POINT('',(16.811,99.,9.5));
#2398=CARTESIAN_POINT('',(27.,99.000001475215,9.5));
#2399=CARTESIAN_POINT('',(16.811,109.,9.5));
#2400=CARTESIAN_POINT('',(16.811,81.75,9.5));
#2401=CARTESIAN_POINT('',(88.,109.,9.5));
#2402=CARTESIAN_POINT('',(84.4000012367964,104.000001549721,9.5));
#2403=CARTESIAN_POINT('Origin',(83.0000012367964,104.000001549721,9.5));
#2404=CARTESIAN_POINT('',(84.4000012367964,5.00000007450581,9.5));
#2405=CARTESIAN_POINT('Origin',(83.0000012367964,5.00000007450581,9.5));
#2406=CARTESIAN_POINT('',(6.40000007450581,104.000001549721,9.5));
#2407=CARTESIAN_POINT('Origin',(5.00000007450581,104.000001549721,9.5));
#2408=CARTESIAN_POINT('',(6.40000007450581,5.00000007450581,9.5));
#2409=CARTESIAN_POINT('Origin',(5.00000007450581,5.00000007450581,9.5));
#2410=CARTESIAN_POINT('',(19.9771789405286,16.865528986202,9.5));
#2411=CARTESIAN_POINT('',(19.9771789405286,29.865528986202,9.5));
#2412=CARTESIAN_POINT('',(19.9771789405286,35.682764493101,9.5));
#2413=CARTESIAN_POINT('',(20.4771789405287,30.365528986202,9.5));
#2414=CARTESIAN_POINT('Origin',(20.4771789405287,29.865528986202,9.5));
#2415=CARTESIAN_POINT('',(33.4771789405286,30.365528986202,9.5));
#2416=CARTESIAN_POINT('',(32.2385894702643,30.365528986202,9.5));
#2417=CARTESIAN_POINT('',(33.9771789405286,29.865528986202,9.5));
#2418=CARTESIAN_POINT('Origin',(33.4771789405286,29.865528986202,9.5));
#2419=CARTESIAN_POINT('',(33.9771789405286,16.865528986202,9.5));
#2420=CARTESIAN_POINT('',(33.9771789405286,42.182764493101,9.5));
#2421=CARTESIAN_POINT('',(33.4771789405286,16.365528986202,9.5));
#2422=CARTESIAN_POINT('Origin',(33.4771789405286,16.865528986202,9.5));
#2423=CARTESIAN_POINT('',(20.4771789405287,16.365528986202,9.5));
#2424=CARTESIAN_POINT('',(38.7385894702643,16.365528986202,9.5));
#2425=CARTESIAN_POINT('Origin',(20.4771789405287,16.865528986202,9.5));
#2426=CARTESIAN_POINT('',(58.0771789405286,16.865528986202,9.5));
#2427=CARTESIAN_POINT('',(58.0771789405286,29.865528986202,9.5));
#2428=CARTESIAN_POINT('',(58.0771789405287,35.682764493101,9.5));
#2429=CARTESIAN_POINT('',(58.5771789405286,30.365528986202,9.5));
#2430=CARTESIAN_POINT('Origin',(58.5771789405286,29.865528986202,9.5));
#2431=CARTESIAN_POINT('',(71.5771789405287,30.365528986202,9.5));
#2432=CARTESIAN_POINT('',(51.2885894702643,30.365528986202,9.5));
#2433=CARTESIAN_POINT('',(72.0771789405287,29.865528986202,9.5));
#2434=CARTESIAN_POINT('Origin',(71.5771789405287,29.865528986202,9.5));
#2435=CARTESIAN_POINT('',(72.0771789405287,16.865528986202,9.5));
#2436=CARTESIAN_POINT('',(72.0771789405286,42.182764493101,9.5));
#2437=CARTESIAN_POINT('',(71.5771789405287,16.365528986202,9.5));
#2438=CARTESIAN_POINT('Origin',(71.5771789405287,16.865528986202,9.5));
#2439=CARTESIAN_POINT('',(58.5771789405286,16.365528986202,9.5));
#2440=CARTESIAN_POINT('',(57.7885894702643,16.365528986202,9.5));
#2441=CARTESIAN_POINT('Origin',(58.5771789405286,16.865528986202,9.5));
#2442=CARTESIAN_POINT('',(58.0771789405286,35.915528986202,9.5));
#2443=CARTESIAN_POINT('',(58.0771789405286,48.915528986202,9.5));
#2444=CARTESIAN_POINT('',(58.0771789405287,45.207764493101,9.5));
#2445=CARTESIAN_POINT('',(58.5771789405286,49.415528986202,9.5));
#2446=CARTESIAN_POINT('Origin',(58.5771789405286,48.915528986202,9.5));
#2447=CARTESIAN_POINT('',(71.5771789405287,49.415528986202,9.5));
#2448=CARTESIAN_POINT('',(51.2885894702643,49.415528986202,9.5));
#2449=CARTESIAN_POINT('',(72.0771789405287,48.915528986202,9.5));
#2450=CARTESIAN_POINT('Origin',(71.5771789405287,48.915528986202,9.5));
#2451=CARTESIAN_POINT('',(72.0771789405287,35.915528986202,9.5));
#2452=CARTESIAN_POINT('',(72.0771789405286,51.707764493101,9.5));
#2453=CARTESIAN_POINT('',(71.5771789405287,35.415528986202,9.5));
#2454=CARTESIAN_POINT('Origin',(71.5771789405287,35.915528986202,9.5));
#2455=CARTESIAN_POINT('',(58.5771789405286,35.415528986202,9.5));
#2456=CARTESIAN_POINT('',(57.7885894702643,35.415528986202,9.5));
#2457=CARTESIAN_POINT('Origin',(58.5771789405286,35.915528986202,9.5));
#2458=CARTESIAN_POINT('',(19.9771789405286,35.915528986202,9.5));
#2459=CARTESIAN_POINT('',(19.9771789405286,48.915528986202,9.5));
#2460=CARTESIAN_POINT('',(19.9771789405286,45.207764493101,9.5));
#2461=CARTESIAN_POINT('',(20.4771789405287,49.415528986202,9.5));
#2462=CARTESIAN_POINT('Origin',(20.4771789405287,48.915528986202,9.5));
#2463=CARTESIAN_POINT('',(33.4771789405286,49.415528986202,9.5));
#2464=CARTESIAN_POINT('',(32.2385894702643,49.415528986202,9.5));
#2465=CARTESIAN_POINT('',(33.9771789405286,48.915528986202,9.5));
#2466=CARTESIAN_POINT('Origin',(33.4771789405286,48.915528986202,9.5));
#2467=CARTESIAN_POINT('',(33.9771789405286,35.915528986202,9.5));
#2468=CARTESIAN_POINT('',(33.9771789405286,51.707764493101,9.5));
#2469=CARTESIAN_POINT('',(33.4771789405286,35.415528986202,9.5));
#2470=CARTESIAN_POINT('Origin',(33.4771789405286,35.915528986202,9.5));
#2471=CARTESIAN_POINT('',(20.4771789405287,35.415528986202,9.5));
#2472=CARTESIAN_POINT('',(38.7385894702643,35.415528986202,9.5));
#2473=CARTESIAN_POINT('Origin',(20.4771789405287,35.915528986202,9.5));
#2474=CARTESIAN_POINT('',(39.0271789405286,16.865528986202,9.5));
#2475=CARTESIAN_POINT('',(39.0271789405286,29.865528986202,9.5));
#2476=CARTESIAN_POINT('',(39.0271789405286,35.682764493101,9.5));
#2477=CARTESIAN_POINT('',(39.5271789405286,30.365528986202,9.5));
#2478=CARTESIAN_POINT('Origin',(39.5271789405286,29.865528986202,9.5));
#2479=CARTESIAN_POINT('',(52.5271789405286,30.365528986202,9.5));
#2480=CARTESIAN_POINT('',(41.7635894702643,30.365528986202,9.5));
#2481=CARTESIAN_POINT('',(53.0271789405286,29.865528986202,9.5));
#2482=CARTESIAN_POINT('Origin',(52.5271789405286,29.865528986202,9.5));
#2483=CARTESIAN_POINT('',(53.0271789405286,16.865528986202,9.5));
#2484=CARTESIAN_POINT('',(53.0271789405286,42.182764493101,9.5));
#2485=CARTESIAN_POINT('',(52.5271789405286,16.365528986202,9.5));
#2486=CARTESIAN_POINT('Origin',(52.5271789405286,16.865528986202,9.5));
#2487=CARTESIAN_POINT('',(39.5271789405286,16.365528986202,9.5));
#2488=CARTESIAN_POINT('',(48.2635894702643,16.365528986202,9.5));
#2489=CARTESIAN_POINT('Origin',(39.5271789405286,16.865528986202,9.5));
#2490=CARTESIAN_POINT('',(58.0771789405286,54.965528986202,9.5));
#2491=CARTESIAN_POINT('',(58.0771789405286,67.965528986202,9.5));
#2492=CARTESIAN_POINT('',(58.0771789405287,54.732764493101,9.5));
#2493=CARTESIAN_POINT('',(58.5771789405286,68.465528986202,9.5));
#2494=CARTESIAN_POINT('Origin',(58.5771789405286,67.965528986202,9.5));
#2495=CARTESIAN_POINT('',(71.5771789405287,68.465528986202,9.5));
#2496=CARTESIAN_POINT('',(51.2885894702643,68.465528986202,9.5));
#2497=CARTESIAN_POINT('',(72.0771789405287,67.965528986202,9.5));
#2498=CARTESIAN_POINT('Origin',(71.5771789405287,67.965528986202,9.5));
#2499=CARTESIAN_POINT('',(72.0771789405287,54.965528986202,9.5));
#2500=CARTESIAN_POINT('',(72.0771789405286,61.232764493101,9.5));
#2501=CARTESIAN_POINT('',(71.5771789405287,54.465528986202,9.5));
#2502=CARTESIAN_POINT('Origin',(71.5771789405287,54.965528986202,9.5));
#2503=CARTESIAN_POINT('',(58.5771789405286,54.465528986202,9.5));
#2504=CARTESIAN_POINT('',(57.7885894702643,54.465528986202,9.5));
#2505=CARTESIAN_POINT('Origin',(58.5771789405286,54.965528986202,9.5));
#2506=CARTESIAN_POINT('',(39.0271789405286,35.915528986202,9.5));
#2507=CARTESIAN_POINT('',(39.0271789405286,48.915528986202,9.5));
#2508=CARTESIAN_POINT('',(39.0271789405286,45.207764493101,9.5));
#2509=CARTESIAN_POINT('',(39.5271789405286,49.415528986202,9.5));
#2510=CARTESIAN_POINT('Origin',(39.5271789405286,48.915528986202,9.5));
#2511=CARTESIAN_POINT('',(52.5271789405286,49.415528986202,9.5));
#2512=CARTESIAN_POINT('',(41.7635894702643,49.415528986202,9.5));
#2513=CARTESIAN_POINT('',(53.0271789405286,48.915528986202,9.5));
#2514=CARTESIAN_POINT('Origin',(52.5271789405286,48.915528986202,9.5));
#2515=CARTESIAN_POINT('',(53.0271789405286,35.915528986202,9.5));
#2516=CARTESIAN_POINT('',(53.0271789405286,51.707764493101,9.5));
#2517=CARTESIAN_POINT('',(52.5271789405286,35.415528986202,9.5));
#2518=CARTESIAN_POINT('Origin',(52.5271789405286,35.915528986202,9.5));
#2519=CARTESIAN_POINT('',(39.5271789405286,35.415528986202,9.5));
#2520=CARTESIAN_POINT('',(48.2635894702643,35.415528986202,9.5));
#2521=CARTESIAN_POINT('Origin',(39.5271789405286,35.915528986202,9.5));
#2522=CARTESIAN_POINT('Origin',(87.,1.,6.5));
#2523=CARTESIAN_POINT('',(86.,0.,6.5));
#2524=CARTESIAN_POINT('Origin',(0.,0.,6.5));
#2525=CARTESIAN_POINT('',(2.,0.,6.5));
#2526=CARTESIAN_POINT('Origin',(1.,1.,6.5));
#2527=CARTESIAN_POINT('Origin',(83.0000012367964,104.000001549721,9.5));
#2528=CARTESIAN_POINT('',(84.4000012367964,104.000001549721,9.5));
#2529=CARTESIAN_POINT('Origin',(83.0000012367964,5.00000007450581,9.5));
#2530=CARTESIAN_POINT('',(84.4000012367964,5.00000007450581,9.5));
#2531=CARTESIAN_POINT('Origin',(5.00000007450581,104.000001549721,9.5));
#2532=CARTESIAN_POINT('',(6.40000007450581,104.000001549721,9.5));
#2533=CARTESIAN_POINT('Origin',(5.00000007450581,5.00000007450581,9.5));
#2534=CARTESIAN_POINT('',(6.40000007450581,5.00000007450581,9.5));
#2535=CARTESIAN_POINT('Origin',(16.811,109.,9.5));
#2536=CARTESIAN_POINT('',(16.811,109.,8.));
#2537=CARTESIAN_POINT('',(16.811,99.000001475215,9.5));
#2538=CARTESIAN_POINT('Origin',(28.811,109.,6.5));
#2539=CARTESIAN_POINT('',(28.811,109.,6.5));
#2540=CARTESIAN_POINT('',(28.811,99.000001475215,8.));
#2541=CARTESIAN_POINT('Origin',(10.,99.000001475215,9.5));
#2542=CARTESIAN_POINT('',(78.,99.000001475215,9.5));
#2543=CARTESIAN_POINT('Origin',(88.,109.,6.5));
#2544=CARTESIAN_POINT('Origin',(88.,109.,6.5));
#2545=CARTESIAN_POINT('Origin',(78.,75.,9.5));
#2546=CARTESIAN_POINT('',(10.,75.,9.5));
#2547=CARTESIAN_POINT('',(78.,75.,9.5));
#2548=CARTESIAN_POINT('Origin',(78.,99.000001475215,9.5));
#2549=CARTESIAN_POINT('Origin',(10.,99.000001475215,9.5));
#2550=CARTESIAN_POINT('',(10.,99.000001475215,9.5));
#2551=CARTESIAN_POINT('Origin',(10.,75.,9.5));
#2552=CARTESIAN_POINT('Origin',(53.0271789405286,48.915528986202,16.8927469926113));
#2553=CARTESIAN_POINT('',(53.0271789405286,48.915528986202,16.8927469926113));
#2554=CARTESIAN_POINT('',(53.0271789405286,35.915528986202,16.8927469926113));
#2555=CARTESIAN_POINT('Origin',(52.5271789405286,35.915528986202,16.8927469926113));
#2556=CARTESIAN_POINT('',(52.5271789405286,35.415528986202,16.8927469926113));
#2557=CARTESIAN_POINT('Origin',(52.5271789405286,35.415528986202,16.8927469926113));
#2558=CARTESIAN_POINT('',(39.5271789405286,35.415528986202,16.8927469926113));
#2559=CARTESIAN_POINT('Origin',(39.5271789405286,35.915528986202,16.8927469926113));
#2560=CARTESIAN_POINT('',(39.0271789405286,35.915528986202,16.8927469926113));
#2561=CARTESIAN_POINT('Origin',(39.0271789405286,35.915528986202,16.8927469926113));
#2562=CARTESIAN_POINT('',(39.0271789405286,48.915528986202,16.8927469926113));
#2563=CARTESIAN_POINT('Origin',(52.5271789405286,48.915528986202,16.8927469926113));
#2564=CARTESIAN_POINT('',(52.5271789405286,49.415528986202,16.8927469926113));
#2565=CARTESIAN_POINT('Origin',(39.5271789405286,49.415528986202,16.8927469926113));
#2566=CARTESIAN_POINT('',(39.5271789405286,49.415528986202,16.8927469926113));
#2567=CARTESIAN_POINT('Origin',(39.5271789405286,48.915528986202,16.8927469926113));
#2568=CARTESIAN_POINT('Origin',(72.0771789405287,67.965528986202,16.8927469926113));
#2569=CARTESIAN_POINT('',(72.0771789405287,67.965528986202,16.8927469926113));
#2570=CARTESIAN_POINT('',(72.0771789405287,54.965528986202,16.8927469926113));
#2571=CARTESIAN_POINT('Origin',(71.5771789405287,54.965528986202,16.8927469926113));
#2572=CARTESIAN_POINT('',(71.5771789405287,54.465528986202,16.8927469926113));
#2573=CARTESIAN_POINT('Origin',(71.5771789405287,54.465528986202,16.8927469926113));
#2574=CARTESIAN_POINT('',(58.5771789405286,54.465528986202,16.8927469926113));
#2575=CARTESIAN_POINT('Origin',(58.5771789405286,54.965528986202,16.8927469926113));
#2576=CARTESIAN_POINT('',(58.0771789405286,54.965528986202,16.8927469926113));
#2577=CARTESIAN_POINT('Origin',(58.0771789405286,54.965528986202,16.8927469926113));
#2578=CARTESIAN_POINT('',(58.0771789405286,67.965528986202,16.8927469926113));
#2579=CARTESIAN_POINT('Origin',(71.5771789405287,67.965528986202,16.8927469926113));
#2580=CARTESIAN_POINT('',(71.5771789405287,68.465528986202,16.8927469926113));
#2581=CARTESIAN_POINT('Origin',(58.5771789405286,68.465528986202,16.8927469926113));
#2582=CARTESIAN_POINT('',(58.5771789405286,68.465528986202,16.8927469926113));
#2583=CARTESIAN_POINT('Origin',(58.5771789405286,67.965528986202,16.8927469926113));
#2584=CARTESIAN_POINT('Origin',(53.0271789405286,29.865528986202,16.8927469926113));
#2585=CARTESIAN_POINT('',(53.0271789405286,29.865528986202,16.8927469926113));
#2586=CARTESIAN_POINT('',(53.0271789405286,16.865528986202,16.8927469926113));
#2587=CARTESIAN_POINT('Origin',(52.5271789405286,16.865528986202,16.8927469926113));
#2588=CARTESIAN_POINT('',(52.5271789405286,16.365528986202,16.8927469926113));
#2589=CARTESIAN_POINT('Origin',(52.5271789405286,16.365528986202,16.8927469926113));
#2590=CARTESIAN_POINT('',(39.5271789405286,16.365528986202,16.8927469926113));
#2591=CARTESIAN_POINT('Origin',(39.5271789405286,16.865528986202,16.8927469926113));
#2592=CARTESIAN_POINT('',(39.0271789405286,16.865528986202,16.8927469926113));
#2593=CARTESIAN_POINT('Origin',(39.0271789405286,16.865528986202,16.8927469926113));
#2594=CARTESIAN_POINT('',(39.0271789405286,29.865528986202,16.8927469926113));
#2595=CARTESIAN_POINT('Origin',(52.5271789405286,29.865528986202,16.8927469926113));
#2596=CARTESIAN_POINT('',(52.5271789405286,30.365528986202,16.8927469926113));
#2597=CARTESIAN_POINT('Origin',(39.5271789405286,30.365528986202,16.8927469926113));
#2598=CARTESIAN_POINT('',(39.5271789405286,30.365528986202,16.8927469926113));
#2599=CARTESIAN_POINT('Origin',(39.5271789405286,29.865528986202,16.8927469926113));
#2600=CARTESIAN_POINT('Origin',(33.9771789405286,48.915528986202,16.8927469926113));
#2601=CARTESIAN_POINT('',(33.9771789405286,48.915528986202,16.8927469926113));
#2602=CARTESIAN_POINT('',(33.9771789405286,35.915528986202,16.8927469926113));
#2603=CARTESIAN_POINT('Origin',(33.4771789405286,35.915528986202,16.8927469926113));
#2604=CARTESIAN_POINT('',(33.4771789405286,35.415528986202,16.8927469926113));
#2605=CARTESIAN_POINT('Origin',(33.4771789405286,35.415528986202,16.8927469926113));
#2606=CARTESIAN_POINT('',(20.4771789405287,35.415528986202,16.8927469926113));
#2607=CARTESIAN_POINT('Origin',(20.4771789405287,35.915528986202,16.8927469926113));
#2608=CARTESIAN_POINT('',(19.9771789405286,35.915528986202,16.8927469926113));
#2609=CARTESIAN_POINT('Origin',(19.9771789405286,35.915528986202,16.8927469926113));
#2610=CARTESIAN_POINT('',(19.9771789405286,48.915528986202,16.8927469926113));
#2611=CARTESIAN_POINT('Origin',(33.4771789405286,48.915528986202,16.8927469926113));
#2612=CARTESIAN_POINT('',(33.4771789405286,49.415528986202,16.8927469926113));
#2613=CARTESIAN_POINT('Origin',(20.4771789405287,49.415528986202,16.8927469926113));
#2614=CARTESIAN_POINT('',(20.4771789405287,49.415528986202,16.8927469926113));
#2615=CARTESIAN_POINT('Origin',(20.4771789405287,48.915528986202,16.8927469926113));
#2616=CARTESIAN_POINT('Origin',(72.0771789405287,48.915528986202,16.8927469926113));
#2617=CARTESIAN_POINT('',(72.0771789405287,48.915528986202,16.8927469926113));
#2618=CARTESIAN_POINT('',(72.0771789405287,35.915528986202,16.8927469926113));
#2619=CARTESIAN_POINT('Origin',(71.5771789405287,35.915528986202,16.8927469926113));
#2620=CARTESIAN_POINT('',(71.5771789405287,35.415528986202,16.8927469926113));
#2621=CARTESIAN_POINT('Origin',(71.5771789405287,35.415528986202,16.8927469926113));
#2622=CARTESIAN_POINT('',(58.5771789405286,35.415528986202,16.8927469926113));
#2623=CARTESIAN_POINT('Origin',(58.5771789405286,35.915528986202,16.8927469926113));
#2624=CARTESIAN_POINT('',(58.0771789405286,35.915528986202,16.8927469926113));
#2625=CARTESIAN_POINT('Origin',(58.0771789405286,35.915528986202,16.8927469926113));
#2626=CARTESIAN_POINT('',(58.0771789405286,48.915528986202,16.8927469926113));
#2627=CARTESIAN_POINT('Origin',(71.5771789405287,48.915528986202,16.8927469926113));
#2628=CARTESIAN_POINT('',(71.5771789405287,49.415528986202,16.8927469926113));
#2629=CARTESIAN_POINT('Origin',(58.5771789405286,49.415528986202,16.8927469926113));
#2630=CARTESIAN_POINT('',(58.5771789405286,49.415528986202,16.8927469926113));
#2631=CARTESIAN_POINT('Origin',(58.5771789405286,48.915528986202,16.8927469926113));
#2632=CARTESIAN_POINT('Origin',(72.0771789405287,29.865528986202,16.8927469926113));
#2633=CARTESIAN_POINT('',(72.0771789405287,29.865528986202,16.8927469926113));
#2634=CARTESIAN_POINT('',(72.0771789405287,16.865528986202,16.8927469926113));
#2635=CARTESIAN_POINT('Origin',(71.5771789405287,16.865528986202,16.8927469926113));
#2636=CARTESIAN_POINT('',(71.5771789405287,16.365528986202,16.8927469926113));
#2637=CARTESIAN_POINT('Origin',(71.5771789405287,16.365528986202,16.8927469926113));
#2638=CARTESIAN_POINT('',(58.5771789405286,16.365528986202,16.8927469926113));
#2639=CARTESIAN_POINT('Origin',(58.5771789405286,16.865528986202,16.8927469926113));
#2640=CARTESIAN_POINT('',(58.0771789405286,16.865528986202,16.8927469926113));
#2641=CARTESIAN_POINT('Origin',(58.0771789405286,16.865528986202,16.8927469926113));
#2642=CARTESIAN_POINT('',(58.0771789405286,29.865528986202,16.8927469926113));
#2643=CARTESIAN_POINT('Origin',(71.5771789405287,29.865528986202,16.8927469926113));
#2644=CARTESIAN_POINT('',(71.5771789405287,30.365528986202,16.8927469926113));
#2645=CARTESIAN_POINT('Origin',(58.5771789405286,30.365528986202,16.8927469926113));
#2646=CARTESIAN_POINT('',(58.5771789405286,30.365528986202,16.8927469926113));
#2647=CARTESIAN_POINT('Origin',(58.5771789405286,29.865528986202,16.8927469926113));
#2648=CARTESIAN_POINT('Origin',(33.9771789405286,29.865528986202,16.8927469926113));
#2649=CARTESIAN_POINT('',(33.9771789405286,29.865528986202,16.8927469926113));
#2650=CARTESIAN_POINT('',(33.9771789405286,16.865528986202,16.8927469926113));
#2651=CARTESIAN_POINT('Origin',(33.4771789405286,16.865528986202,16.8927469926113));
#2652=CARTESIAN_POINT('',(33.4771789405286,16.365528986202,16.8927469926113));
#2653=CARTESIAN_POINT('Origin',(33.4771789405286,16.365528986202,16.8927469926113));
#2654=CARTESIAN_POINT('',(20.4771789405287,16.365528986202,16.8927469926113));
#2655=CARTESIAN_POINT('Origin',(20.4771789405287,16.865528986202,16.8927469926113));
#2656=CARTESIAN_POINT('',(19.9771789405286,16.865528986202,16.8927469926113));
#2657=CARTESIAN_POINT('Origin',(19.9771789405286,16.865528986202,16.8927469926113));
#2658=CARTESIAN_POINT('',(19.9771789405286,29.865528986202,16.8927469926113));
#2659=CARTESIAN_POINT('Origin',(33.4771789405286,29.865528986202,16.8927469926113));
#2660=CARTESIAN_POINT('',(33.4771789405286,30.365528986202,16.8927469926113));
#2661=CARTESIAN_POINT('Origin',(20.4771789405287,30.365528986202,16.8927469926113));
#2662=CARTESIAN_POINT('',(20.4771789405287,30.365528986202,16.8927469926113));
#2663=CARTESIAN_POINT('Origin',(20.4771789405287,29.865528986202,16.8927469926113));
#2664=UNCERTAINTY_MEASURE_WITH_UNIT(LENGTH_MEASURE(0.01),#2668,
'DISTANCE_ACCURACY_VALUE',
'Maximum model space distance between geometric entities at asserted c
onnectivities');
#2665=UNCERTAINTY_MEASURE_WITH_UNIT(LENGTH_MEASURE(0.01),#2668,
'DISTANCE_ACCURACY_VALUE',
'Maximum model space distance between geometric entities at asserted c
onnectivities');
#2666=(
GEOMETRIC_REPRESENTATION_CONTEXT(3)
GLOBAL_UNCERTAINTY_ASSIGNED_CONTEXT((#2664))
GLOBAL_UNIT_ASSIGNED_CONTEXT((#2668,#2670,#2671))
REPRESENTATION_CONTEXT('','3D')
);
#2667=(
GEOMETRIC_REPRESENTATION_CONTEXT(3)
GLOBAL_UNCERTAINTY_ASSIGNED_CONTEXT((#2665))
GLOBAL_UNIT_ASSIGNED_CONTEXT((#2668,#2670,#2671))
REPRESENTATION_CONTEXT('','3D')
);
#2668=(
LENGTH_UNIT()
NAMED_UNIT(*)
SI_UNIT(.MILLI.,.METRE.)
);
#2669=(
LENGTH_UNIT()
NAMED_UNIT(*)
SI_UNIT($,.METRE.)
);
#2670=(
NAMED_UNIT(*)
PLANE_ANGLE_UNIT()
SI_UNIT($,.RADIAN.)
);
#2671=(
NAMED_UNIT(*)
SI_UNIT($,.STERADIAN.)
SOLID_ANGLE_UNIT()
);
#2672=SHAPE_DEFINITION_REPRESENTATION(#2673,#2674);
#2673=PRODUCT_DEFINITION_SHAPE('',$,#2676);
#2674=SHAPE_REPRESENTATION('',(#1612),#2666);
#2675=PRODUCT_DEFINITION_CONTEXT('part definition',#2680,'design');
#2676=PRODUCT_DEFINITION('2026-06-11-01-06-38-030','Mid Plate',#2677,#2675);
#2677=PRODUCT_DEFINITION_FORMATION('',$,#2682);
#2678=PRODUCT_RELATED_PRODUCT_CATEGORY('Mid Plate','Mid Plate',(#2682));
#2679=APPLICATION_PROTOCOL_DEFINITION('international standard',
'automotive_design',2009,#2680);
#2680=APPLICATION_CONTEXT(
'Core Data for Automotive Mechanical Design Process');
#2681=PRODUCT_CONTEXT('part definition',#2680,'mechanical');
#2682=PRODUCT('2026-06-11-01-06-38-030','Mid Plate',$,(#2681));
#2683=PRESENTATION_STYLE_ASSIGNMENT((#2684));
#2684=SURFACE_STYLE_USAGE(.BOTH.,#2685);
#2685=SURFACE_SIDE_STYLE('',(#2686));
#2686=SURFACE_STYLE_FILL_AREA(#2687);
#2687=FILL_AREA_STYLE('Steel - Satin',(#2688));
#2688=FILL_AREA_STYLE_COLOUR('Steel - Satin',#2689);
#2689=COLOUR_RGB('Steel - Satin',0.627450980392157,0.627450980392157,0.627450980392157);
ENDSEC;
END-ISO-10303-21;
